dataset,row,onnx,vnnlib,query,result,time_sec,status,solved,timeout_s,verification_s,timeout_clock_s,wall_s,process_wall_s,over_timeout,nodes,exhausted_budget_nodes,witness_n,witness_valid,witness_valid_1e6,witness_rho,gpu_peak_mib,peak_rss_mb,runner_state,exit_code,row_config,run_id,log_path,processed_subproblems,entered_bab,cores_inserted,generated_children,prebound_discharged,presplit_discharged,merged_pairs
yelp_p1,0,yelp_d3,,ex22016 pos1 p1 eps0.2,unsat,5.720637005,CERTIFIED,1,30.0,5.720637005,16.866403047,18.594679608941078,18.57,0,1,,0,,,,5794.7,2231.2,completed,0,climb_split_lin_text,e009ee85b7b3db180fec,scratch/logs/fse2026/climb/yelp_p1/e1_e009ee85b7b3db180fec.log,1,0,0,0,0,0,0
yelp_p1,1,yelp_d3,,ex14465 pos1 p1 eps0.2,unsat,5.630924055,CERTIFIED,1,30.0,5.630924055,16.820579868,18.594263533130288,18.55,0,1,,0,,,,5794.7,2246.0,completed,0,climb_split_lin_text,7121620c7eaaf15f6620,scratch/logs/fse2026/climb/yelp_p1/e1_7121620c7eaaf15f6620.log,1,0,0,0,0,0,0
yelp_p1,2,yelp_d3,,ex33469 pos1 p1 eps0.2,unsat,5.130638035,CERTIFIED,1,30.0,5.130638035,15.914441347,17.6412889175117,17.59,0,1,,0,,,,10951.7,2225.4,completed,0,climb_split_lin_text,173f8fabb688326d90c1,scratch/logs/fse2026/climb/yelp_p1/e1_173f8fabb688326d90c1.log,1,0,0,0,0,0,0
yelp_p1,3,yelp_d3,,ex23177 pos1 p1 eps0.2,unsat,3.789605036,CERTIFIED,1,30.0,3.789605036,15.100822849,16.89341936632991,16.88,0,1,,0,,,,6909.5,2229.9,completed,0,climb_split_lin_text,8ff8a636b4f56270c86e,scratch/logs/fse2026/climb/yelp_p1/e1_8ff8a636b4f56270c86e.log,1,0,0,0,0,0,0
yelp_p1,4,yelp_d3,,ex12566 pos1 p1 eps0.2,unsat,1.923851451,CERTIFIED,1,30.0,1.923851451,12.768291537,14.491151317954063,14.47,0,1,,0,,,,687.7,2227.9,completed,0,climb_split_lin_text,9e8342d0c71563fc60bd,scratch/logs/fse2026/climb/yelp_p1/e1_9e8342d0c71563fc60bd.log,1,0,0,0,0,0,0
yelp_p1,5,yelp_d3,,ex29715 pos1 p1 eps0.2,unsat,3.940983787,CERTIFIED,1,30.0,3.940983787,15.081185965,16.89156388863921,16.85,0,1,,0,,,,9538.5,2232.8,completed,0,climb_split_lin_text,8b07855c8708734cd3a3,scratch/logs/fse2026/climb/yelp_p1/e1_8b07855c8708734cd3a3.log,1,0,0,0,0,0,0
yelp_p1,6,yelp_d3,,ex23563 pos1 p1 eps0.2,unknown,18.294785164,UNKNOWN,0,30.0,18.294785164,30.072564669,31.871557597070932,31.82,1,2047,False,0,,,,4332.3,2394.7,completed,0,climb_split_lin_text,eea9e1d52bc9ec363828,scratch/logs/fse2026/climb/yelp_p1/e1_eea9e1d52bc9ec363828.log,2047,1,0,2046,0,0,0
yelp_p1,7,yelp_d3,,ex11857 pos1 p1 eps0.2,unsat,5.359660801,CERTIFIED,1,30.0,5.359660801,16.715750763,18.545596269890666,18.5,0,1,,0,,,,3925.6,2232.5,completed,0,climb_split_lin_text,b25d4136e25a65c6c278,scratch/logs/fse2026/climb/yelp_p1/e1_b25d4136e25a65c6c278.log,1,0,0,0,0,0,0
yelp_p1,8,yelp_d3,,ex421 pos1 p1 eps0.2,unsat,2.507405229,CERTIFIED,1,30.0,2.507405229,13.272244317,14.990201611071825,14.96,0,1,,0,,,,1914.8,2228.1,completed,0,climb_split_lin_text,e3d4ac0bb5843eba01d9,scratch/logs/fse2026/climb/yelp_p1/e1_e3d4ac0bb5843eba01d9.log,1,0,0,0,0,0,0
yelp_p1,9,yelp_d3,,ex4817 pos1 p1 eps0.2,unsat,8.094210712,CERTIFIED,1,30.0,8.094210712,19.300948324,21.10290188342333,21.06,0,1,,0,,,,14458.9,2248.7,completed,0,climb_split_lin_text,274eb668c62df9a6e251,scratch/logs/fse2026/climb/yelp_p1/e1_274eb668c62df9a6e251.log,1,0,0,0,0,0,0
yelp_p1,10,yelp_d3,,ex20032 pos1 p1 eps0.2,unsat,2.912253357,CERTIFIED,1,30.0,2.912253357,14.463324571,16.24129910953343,16.2,0,1,,0,,,,3925.6,2229.3,completed,0,climb_split_lin_text,5a2ff165dab5e264ed05,scratch/logs/fse2026/climb/yelp_p1/e1_5a2ff165dab5e264ed05.log,1,0,0,0,0,0,0
yelp_p1,11,yelp_d3,,ex22272 pos1 p1 eps0.2,unsat,2.036331544,CERTIFIED,1,30.0,2.036331544,13.061016988,14.84145786613226,14.8,0,1,,0,,,,1914.8,2232.5,completed,0,climb_split_lin_text,766ec05aa686163bfa1a,scratch/logs/fse2026/climb/yelp_p1/e1_766ec05aa686163bfa1a.log,1,0,0,0,0,0,0
yelp_p1,12,yelp_d3,,ex7941 pos1 p1 eps0.2,unsat,1.988016639,CERTIFIED,1,30.0,1.988016639,13.020114671,14.743225300684571,14.7,0,1,,0,,,,2455.6,2229.9,completed,0,climb_split_lin_text,d8b98baac630b464bcb8,scratch/logs/fse2026/climb/yelp_p1/e1_d8b98baac630b464bcb8.log,1,0,0,0,0,0,0
yelp_p1,13,yelp_d3,,ex37590 pos1 p1 eps0.2,unsat,3.866799932,CERTIFIED,1,30.0,3.866799932,15.007669121,16.79880328848958,16.77,0,1,,0,,,,3156.5,2242.2,completed,0,climb_split_lin_text,7338d355cf6fd14d36a9,scratch/logs/fse2026/climb/yelp_p1/e1_7338d355cf6fd14d36a9.log,1,0,0,0,0,0,0
yelp_p1,14,yelp_d3,,ex9935 pos1 p1 eps0.2,unsat,2.207857694,CERTIFIED,1,30.0,2.207857694,12.999628847,14.78776110522449,14.74,0,1,,0,,,,3876.4,2230.6,completed,0,climb_split_lin_text,759942af253882d57738,scratch/logs/fse2026/climb/yelp_p1/e1_759942af253882d57738.log,1,0,0,0,0,0,0
yelp_p1,15,yelp_d3,,ex19222 pos1 p1 eps0.2,unsat,2.290467022,CERTIFIED,1,30.0,2.290467022,13.275308432,14.988230096176267,14.97,0,1,,0,,,,1914.8,2230.8,completed,0,climb_split_lin_text,73f68594a518eafb1f5a,scratch/logs/fse2026/climb/yelp_p1/e1_73f68594a518eafb1f5a.log,1,0,0,0,0,0,0
yelp_p1,16,yelp_d3,,ex23947 pos1 p1 eps0.2,unsat,10.541621082,CERTIFIED,1,30.0,10.541621082,22.087861048,23.854471208527684,23.83,0,1,,0,,,,16629.4,2227.4,completed,0,climb_split_lin_text,a760da08bf64e1bb6cbe,scratch/logs/fse2026/climb/yelp_p1/e1_a760da08bf64e1bb6cbe.log,1,0,0,0,0,0,0
yelp_p1,17,yelp_d3,,ex26110 pos1 p1 eps0.2,unknown,19.113180622,UNKNOWN,0,30.0,19.113180622,30.152613241,31.915979739278555,31.9,1,6055,False,0,,,,2640.1,2404.2,completed,0,climb_split_lin_text,89fdb058228bbeafb69d,scratch/logs/fse2026/climb/yelp_p1/e1_89fdb058228bbeafb69d.log,6055,1,0,9586,0,0,0
yelp_p1,18,yelp_d3,,ex27872 pos1 p1 eps0.2,unsat,3.661750797,CERTIFIED,1,30.0,3.661750797,14.855355069,16.591280069202185,16.56,0,1,,0,,,,8154.8,2252.8,completed,0,climb_split_lin_text,056444dc61d209472de0,scratch/logs/fse2026/climb/yelp_p1/e1_056444dc61d209472de0.log,1,0,0,0,0,0,0
yelp_p1,19,yelp_d3,,ex23476 pos1 p1 eps0.2,unsat,5.389927827,CERTIFIED,1,30.0,5.389927827,16.323071884,18.143508840352297,18.1,0,1,,0,,,,1429.2,2254.5,completed,0,climb_split_lin_text,3536e18f5a1d34e5dc60,scratch/logs/fse2026/climb/yelp_p1/e1_3536e18f5a1d34e5dc60.log,1,0,0,0,0,0,0
yelp_p1,20,yelp_d3,,ex22016 pos1 p1 eps0.3,unsat,3.616725018,CERTIFIED,1,30.0,3.616725018,14.783104692,16.442728666588664,16.43,0,1,,0,,,,5794.7,2229.9,completed,0,climb_split_lin_text,0b5658a6668ec8ad6528,scratch/logs/fse2026/climb/yelp_p1/e1_0b5658a6668ec8ad6528.log,1,0,0,0,0,0,0
yelp_p1,21,yelp_d3,,ex14465 pos1 p1 eps0.3,unknown,19.457452238,UNKNOWN,0,30.0,19.457452238,30.19820576,31.928972145542502,31.88,1,4095,False,0,,,,8287.9,2401.8,completed,0,climb_split_lin_text,ecee6b9e422ec6472099,scratch/logs/fse2026/climb/yelp_p1/e1_ecee6b9e422ec6472099.log,4095,1,0,6142,0,0,0
yelp_p1,22,yelp_d3,,ex33469 pos1 p1 eps0.3,unknown,19.279273817,UNKNOWN,0,30.0,19.279273817,30.093302557,31.918701242655516,31.87,1,3071,False,0,,,,11570.3,2390.4,completed,0,climb_split_lin_text,9472c9905935b49b958e,scratch/logs/fse2026/climb/yelp_p1/e1_9472c9905935b49b958e.log,3071,1,0,4094,0,0,0
yelp_p1,23,yelp_d3,,ex23177 pos1 p1 eps0.3,unsat,3.21136597,CERTIFIED,1,30.0,3.21136597,14.13079012,15.889364222064614,15.84,0,1,,0,,,,6909.5,2231.6,completed,0,climb_split_lin_text,1fdaad0d778b69e70f07,scratch/logs/fse2026/climb/yelp_p1/e1_1fdaad0d778b69e70f07.log,1,0,0,0,0,0,0
yelp_p1,24,yelp_d3,,ex12566 pos1 p1 eps0.3,unknown,18.957417492,UNKNOWN,0,30.0,18.957417492,30.169169785,31.9660848621279,31.94,1,2047,False,0,,,,2061.8,2397.4,completed,0,climb_split_lin_text,7222db2ad1fe4706fa4b,scratch/logs/fse2026/climb/yelp_p1/e1_7222db2ad1fe4706fa4b.log,2047,1,0,2046,0,0,0
yelp_p1,25,yelp_d3,,ex29715 pos1 p1 eps0.3,unsat,8.355108162,CERTIFIED,1,30.0,8.355108162,19.967513535,21.751353362575173,21.72,0,1,,0,,,,9538.5,2231.7,completed,0,climb_split_lin_text,4d2a7fd9d0573e6bfa73,scratch/logs/fse2026/climb/yelp_p1/e1_4d2a7fd9d0573e6bfa73.log,1,0,0,0,0,0,0
yelp_p1,26,yelp_d3,,ex23563 pos1 p1 eps0.3,unknown,19.021952653,UNKNOWN,0,30.0,19.021952653,30.070138844,31.867696184664965,31.81,1,3071,False,0,,,,4890.7,2441.6,completed,0,climb_split_lin_text,6fc376f3e5c851f1d874,scratch/logs/fse2026/climb/yelp_p1/e1_6fc376f3e5c851f1d874.log,3071,1,0,4094,0,0,0
yelp_p1,27,yelp_d3,,ex11857 pos1 p1 eps0.3,unknown,18.808036424,UNKNOWN,0,30.0,18.808036424,30.019291015,31.76894842274487,31.73,1,127,False,0,,,,3925.6,2363.7,completed,0,climb_split_lin_text,1829dc5cce6ebbd47bb3,scratch/logs/fse2026/climb/yelp_p1/e1_1829dc5cce6ebbd47bb3.log,127,1,0,126,0,0,0
yelp_p1,28,yelp_d3,,ex421 pos1 p1 eps0.3,unknown,18.757480945,UNKNOWN,0,30.0,18.757480945,30.140548188,31.867639742791653,31.84,1,31,False,0,,,,1914.8,2389.8,completed,0,climb_split_lin_text,6b8ee603d55c3550f0bb,scratch/logs/fse2026/climb/yelp_p1/e1_6b8ee603d55c3550f0bb.log,31,1,0,30,0,0,0
yelp_p1,29,yelp_d3,,ex4817 pos1 p1 eps0.3,unknown,19.10181568,UNKNOWN,0,30.0,19.10181568,30.279424913,31.965480342507362,31.94,1,11,False,0,,,,14605.6,2367.3,completed,0,climb_split_lin_text,f9e8d1587f3ba6c1b1ae,scratch/logs/fse2026/climb/yelp_p1/e1_f9e8d1587f3ba6c1b1ae.log,11,1,0,20,0,0,0
yelp_p1,30,yelp_d3,,ex20032 pos1 p1 eps0.3,unknown,19.090158777,UNKNOWN,0,30.0,19.090158777,30.373604771,32.274189906194806,32.24,1,505,False,0,,,,3925.6,2439.7,completed,0,climb_split_lin_text,6b8312f145416fc572d3,scratch/logs/fse2026/climb/yelp_p1/e1_6b8312f145416fc572d3.log,505,1,0,844,0,0,0
yelp_p1,31,yelp_d3,,ex22272 pos1 p1 eps0.3,unknown,18.71979388,UNKNOWN,0,30.0,18.71979388,30.069864471,32.07669003866613,32.05,1,63,False,0,,,,1914.8,2372.5,completed,0,climb_split_lin_text,979ddb0054b2e21173af,scratch/logs/fse2026/climb/yelp_p1/e1_979ddb0054b2e21173af.log,63,1,0,62,0,0,0
yelp_p1,32,yelp_d3,,ex7941 pos1 p1 eps0.3,unknown,19.380037012,UNKNOWN,0,30.0,19.380037012,30.423965551,32.288289822638035,32.23,1,1023,False,0,,,,5450.5,2268.6,completed,0,climb_split_lin_text,c8d2cb3ccebc605ac710,scratch/logs/fse2026/climb/yelp_p1/e1_c8d2cb3ccebc605ac710.log,1023,1,0,1022,0,0,0
yelp_p1,33,yelp_d3,,ex37590 pos1 p1 eps0.3,unknown,18.68888971,UNKNOWN,0,30.0,18.68888971,30.019005565,31.770873598754406,31.76,1,5119,False,0,,,,5909.3,2414.6,completed,0,climb_split_lin_text,d82be9b9caf5a3cfd382,scratch/logs/fse2026/climb/yelp_p1/e1_d82be9b9caf5a3cfd382.log,5119,1,0,10238,0,0,0
yelp_p1,34,yelp_d3,,ex9935 pos1 p1 eps0.3,unsat,4.723414836,CERTIFIED,1,30.0,4.723414836,15.821108168,17.59613138437271,17.54,0,1,,0,,,,3876.4,2229.3,completed,0,climb_split_lin_text,a7a0a26cf9eefee9a052,scratch/logs/fse2026/climb/yelp_p1/e1_a7a0a26cf9eefee9a052.log,1,0,0,0,0,0,0
yelp_p1,35,yelp_d3,,ex19222 pos1 p1 eps0.3,unknown,19.226704022,UNKNOWN,0,30.0,19.226704022,30.310837395,32.11883803084493,32.1,1,6143,False,0,,,,4397.4,2409.5,completed,0,climb_split_lin_text,cbdf19c5b3b08e722060,scratch/logs/fse2026/climb/yelp_p1/e1_cbdf19c5b3b08e722060.log,6143,1,0,10238,0,0,0
yelp_p1,36,yelp_d3,,ex23947 pos1 p1 eps0.3,unsat,10.238710966,CERTIFIED,1,30.0,10.238710966,21.405543987,23.2590899374336,23.24,0,1,,0,,,,16629.4,2260.2,completed,0,climb_split_lin_text,56c71684e64c2f578dad,scratch/logs/fse2026/climb/yelp_p1/e1_56c71684e64c2f578dad.log,1,0,0,0,0,0,0
yelp_p1,37,yelp_d3,,ex26110 pos1 p1 eps0.3,unsat,2.74185138,CERTIFIED,1,30.0,2.74185138,13.911271086,15.679999642074108,15.63,0,1,,0,,,,1010.8,2228.2,completed,0,climb_split_lin_text,155226f0b4026c53141d,scratch/logs/fse2026/climb/yelp_p1/e1_155226f0b4026c53141d.log,1,0,0,0,0,0,0
yelp_p1,38,yelp_d3,,ex27872 pos1 p1 eps0.3,unsat,4.074031599,CERTIFIED,1,30.0,4.074031599,15.275518628,17.195105640217662,17.15,0,1,,0,,,,8154.8,2230.4,completed,0,climb_split_lin_text,7d08c7cd38fa5726dbf5,scratch/logs/fse2026/climb/yelp_p1/e1_7d08c7cd38fa5726dbf5.log,1,0,0,0,0,0,0
yelp_p1,39,yelp_d3,,ex23476 pos1 p1 eps0.3,unknown,19.047760304,UNKNOWN,0,30.0,19.047760304,30.171905898,31.91691765189171,31.86,1,7167,False,0,,,,3767.9,2397.9,completed,0,climb_split_lin_text,e44349ae3e91f77577f4,scratch/logs/fse2026/climb/yelp_p1/e1_e44349ae3e91f77577f4.log,7167,1,0,12286,0,0,0
yelp_p1,40,yelp_d3,,ex19057 pos1 p1 eps0.2,unsat,5.890203267,CERTIFIED,1,30.0,5.890203267,16.944130741,18.694272443652153,18.67,0,1,,0,,,,3156.5,2233.0,completed,0,climb_split_lin_text,7e63e76458e09b5ade15,scratch/logs/fse2026/climb/yelp_p1/e1_7e63e76458e09b5ade15.log,1,0,0,0,0,0,0
yelp_p1,41,yelp_d3,,ex7952 pos1 p1 eps0.2,unsat,8.532886967,CERTIFIED,1,30.0,8.532886967,19.700489284,21.449184155091643,21.42,0,1,,0,,,,14458.9,2224.4,completed,0,climb_split_lin_text,e800670b80a8494248bd,scratch/logs/fse2026/climb/yelp_p1/e1_e800670b80a8494248bd.log,1,0,0,0,0,0,0
yelp_p1,42,yelp_d3,,ex35137 pos1 p1 eps0.2,unsat,2.511593476,CERTIFIED,1,30.0,2.511593476,13.400209157,15.138682316988707,15.11,0,1,,0,,,,3925.6,2230.2,completed,0,climb_split_lin_text,e32411f33f757efab935,scratch/logs/fse2026/climb/yelp_p1/e1_e32411f33f757efab935.log,1,0,0,0,0,0,0
yelp_p1,43,yelp_d3,,ex31746 pos1 p1 eps0.2,unsat,6.63929693,CERTIFIED,1,30.0,6.63929693,17.972185804,19.747798716649413,19.71,0,1,,0,,,,8154.8,2228.8,completed,0,climb_split_lin_text,bfb8c9e232c562878707,scratch/logs/fse2026/climb/yelp_p1/e1_bfb8c9e232c562878707.log,1,0,0,0,0,0,0
yelp_p1,44,yelp_d3,,ex17711 pos1 p1 eps0.2,unsat,1.68585643,CERTIFIED,1,30.0,1.68585643,12.550599381,14.338591860607266,14.28,0,1,,0,,,,1914.8,2252.3,completed,0,climb_split_lin_text,d343ad68c98151fda4c1,scratch/logs/fse2026/climb/yelp_p1/e1_d343ad68c98151fda4c1.log,1,0,0,0,0,0,0
yelp_p1,45,yelp_d3,,ex8376 pos1 p1 eps0.2,unknown,18.906700119,UNKNOWN,0,30.0,18.906700119,30.058060579,31.81669714860618,31.76,1,7,False,0,,,,4802.5,2408.7,completed,0,climb_split_lin_text,0fb6c5e6df5b9ee3ea4e,scratch/logs/fse2026/climb/yelp_p1/e1_0fb6c5e6df5b9ee3ea4e.log,7,1,0,14,0,0,0
yelp_p1,46,yelp_d3,,ex2354 pos1 p1 eps0.2,unsat,5.810737055,CERTIFIED,1,30.0,5.810737055,16.968098162,18.69441052339971,18.68,0,1,,0,,,,3925.6,2229.4,completed,0,climb_split_lin_text,3089ca14300d0ab48d45,scratch/logs/fse2026/climb/yelp_p1/e1_3089ca14300d0ab48d45.log,1,0,0,0,0,0,0
yelp_p1,47,yelp_d3,,ex30013 pos1 p1 eps0.2,unsat,6.641386911,CERTIFIED,1,30.0,6.641386911,17.880065553,19.696267660707235,19.68,0,1,,0,,,,6909.5,2236.8,completed,0,climb_split_lin_text,937260d157ade9c9867c,scratch/logs/fse2026/climb/yelp_p1/e1_937260d157ade9c9867c.log,1,0,0,0,0,0,0
yelp_p1,48,yelp_d3,,ex23796 pos1 p1 eps0.2,unsat,6.532094769,CERTIFIED,1,30.0,6.532094769,18.02047318,19.84876307658851,19.83,0,1,,0,,,,6909.5,2231.8,completed,0,climb_split_lin_text,83c5f1e28610a6199718,scratch/logs/fse2026/climb/yelp_p1/e1_83c5f1e28610a6199718.log,1,0,0,0,0,0,0
yelp_p1,49,yelp_d3,,ex8751 pos1 p1 eps0.2,unsat,6.686671117,CERTIFIED,1,30.0,6.686671117,18.300635589,20.199005218222737,20.15,0,1,,0,,,,6909.5,2233.4,completed,0,climb_split_lin_text,bfe00cbfc4191c86821a,scratch/logs/fse2026/climb/yelp_p1/e1_bfe00cbfc4191c86821a.log,1,0,0,0,0,0,0
yelp_p1,50,yelp_d3,,ex19057 pos1 p1 eps0.3,unsat,5.295508116,CERTIFIED,1,30.0,5.295508116,16.436123565,18.29644356481731,18.28,0,1,,0,,,,3156.5,2230.1,completed,0,climb_split_lin_text,fcd639938fcb8343699e,scratch/logs/fse2026/climb/yelp_p1/e1_fcd639938fcb8343699e.log,1,0,0,0,0,0,0
yelp_p1,51,yelp_d3,,ex7952 pos1 p1 eps0.3,unknown,18.436707946,UNKNOWN,0,30.0,18.436707946,30.05306673,32.028835939243436,32.01,1,17,False,0,,,,14458.9,2380.7,completed,0,climb_split_lin_text,22c6a1b195039d484fa9,scratch/logs/fse2026/climb/yelp_p1/e1_22c6a1b195039d484fa9.log,17,1,0,32,0,0,0
yelp_p1,52,yelp_d3,,ex35137 pos1 p1 eps0.3,unknown,19.225980584,UNKNOWN,0,30.0,19.225980584,30.109012138,31.921866407617927,31.89,1,3071,False,0,,,,6422.3,2395.2,completed,0,climb_split_lin_text,6898e42a1d173458e54c,scratch/logs/fse2026/climb/yelp_p1/e1_6898e42a1d173458e54c.log,3071,1,0,4094,0,0,0
yelp_p1,53,yelp_d3,,ex31746 pos1 p1 eps0.3,unsat,5.206859648,CERTIFIED,1,30.0,5.206859648,16.549999133,18.29351851530373,18.24,0,1,,0,,,,8154.8,2233.7,completed,0,climb_split_lin_text,e9e26c4fbb52bf001fb3,scratch/logs/fse2026/climb/yelp_p1/e1_e9e26c4fbb52bf001fb3.log,1,0,0,0,0,0,0
yelp_p1,54,yelp_d3,,ex17711 pos1 p1 eps0.3,unknown,18.909991184,UNKNOWN,0,30.0,18.909991184,30.084981784,31.823484774678946,31.78,1,9215,False,0,,,,4497.5,2392.8,completed,0,climb_split_lin_text,5fd1bff2ec30e15f7998,scratch/logs/fse2026/climb/yelp_p1/e1_5fd1bff2ec30e15f7998.log,9215,1,0,16382,0,0,0
yelp_p1,55,yelp_d3,,ex8376 pos1 p1 eps0.3,unknown,19.502920503,UNKNOWN,0,30.0,19.502920503,30.224873312,31.979201840236783,31.93,1,2047,False,0,,,,6397.0,2397.4,completed,0,climb_split_lin_text,b777d42a50158ccb1d99,scratch/logs/fse2026/climb/yelp_p1/e1_b777d42a50158ccb1d99.log,2047,1,0,2046,0,0,0
yelp_p1,56,yelp_d3,,ex2354 pos1 p1 eps0.3,unknown,19.352427948,UNKNOWN,0,30.0,19.352427948,30.356160652,32.12815521098673,32.11,1,5723,False,0,,,,6615.2,2396.4,completed,0,climb_split_lin_text,4582a3f8a1ae9305d714,scratch/logs/fse2026/climb/yelp_p1/e1_4582a3f8a1ae9305d714.log,5723,1,0,9818,0,0,0
yelp_p1,57,yelp_d3,,ex30013 pos1 p1 eps0.3,unknown,18.656275915,UNKNOWN,0,30.0,18.656275915,30.108571531,31.81572785228491,31.81,1,5,False,0,,,,6909.5,2374.5,completed,0,climb_split_lin_text,4dcd57e9c9e4054dd89c,scratch/logs/fse2026/climb/yelp_p1/e1_4dcd57e9c9e4054dd89c.log,5,1,0,8,0,0,0
yelp_p1,58,yelp_d3,,ex23796 pos1 p1 eps0.3,unknown,18.998027569,UNKNOWN,0,30.0,18.998027569,30.147766475,32.02173260785639,31.99,1,8,False,0,,,,6909.5,2362.8,completed,0,climb_split_lin_text,ff5fc4f2f4a95382adfb,scratch/logs/fse2026/climb/yelp_p1/e1_ff5fc4f2f4a95382adfb.log,8,1,0,14,0,0,0
yelp_p1,59,yelp_d3,,ex8751 pos1 p1 eps0.3,unsat,5.664987985,CERTIFIED,1,30.0,5.664987985,16.817342134,18.494069987908006,18.48,0,1,,0,,,,6909.5,2255.1,completed,0,climb_split_lin_text,cbb0179f80487e6a6244,scratch/logs/fse2026/climb/yelp_p1/e1_cbb0179f80487e6a6244.log,1,0,0,0,0,0,0
