set,query,variant,budget_s,status,processed,trace
climb_trace,TinyImageNet_resnet_medium_prop_idx_1126_sidx_4974_eps_0.0039,on_k256,100,CERTIFIED,42,traces/climb_trace/TinyImageNet_resnet_medium_prop_idx_1126_sidx_4974_eps_0.0039/trace_on_k256.csv
climb_trace,TinyImageNet_resnet_medium_prop_idx_1126_sidx_4974_eps_0.0039,off_k256,100,CERTIFIED,137,traces/climb_trace/TinyImageNet_resnet_medium_prop_idx_1126_sidx_4974_eps_0.0039/trace_off_k256.csv
climb_trace,TinyImageNet_resnet_medium_prop_idx_1733_sidx_5415_eps_0.0039,on_k256,100,CERTIFIED,21,traces/climb_trace/TinyImageNet_resnet_medium_prop_idx_1733_sidx_5415_eps_0.0039/trace_on_k256.csv
climb_trace,TinyImageNet_resnet_medium_prop_idx_1733_sidx_5415_eps_0.0039,off_k256,100,CERTIFIED,29,traces/climb_trace/TinyImageNet_resnet_medium_prop_idx_1733_sidx_5415_eps_0.0039/trace_off_k256.csv
climb_trace,TinyImageNet_resnet_medium_prop_idx_1754_sidx_9786_eps_0.0039,on_k256,100,FALSIFIED,7,traces/climb_trace/TinyImageNet_resnet_medium_prop_idx_1754_sidx_9786_eps_0.0039/trace_on_k256.csv
climb_trace,TinyImageNet_resnet_medium_prop_idx_1754_sidx_9786_eps_0.0039,off_k256,100,FALSIFIED,7,traces/climb_trace/TinyImageNet_resnet_medium_prop_idx_1754_sidx_9786_eps_0.0039/trace_off_k256.csv
climb_trace,TinyImageNet_resnet_medium_prop_idx_2212_sidx_6450_eps_0.0039,on_k256,100,CERTIFIED,85,traces/climb_trace/TinyImageNet_resnet_medium_prop_idx_2212_sidx_6450_eps_0.0039/trace_on_k256.csv
climb_trace,TinyImageNet_resnet_medium_prop_idx_2212_sidx_6450_eps_0.0039,off_k256,100,CERTIFIED,2651,traces/climb_trace/TinyImageNet_resnet_medium_prop_idx_2212_sidx_6450_eps_0.0039/trace_off_k256.csv
climb_trace,TinyImageNet_resnet_medium_prop_idx_3133_sidx_2042_eps_0.0039,on_k256,100,FALSIFIED,148,traces/climb_trace/TinyImageNet_resnet_medium_prop_idx_3133_sidx_2042_eps_0.0039/trace_on_k256.csv
climb_trace,TinyImageNet_resnet_medium_prop_idx_3133_sidx_2042_eps_0.0039,off_k256,100,FALSIFIED,61,traces/climb_trace/TinyImageNet_resnet_medium_prop_idx_3133_sidx_2042_eps_0.0039/trace_off_k256.csv
climb_trace,TinyImageNet_resnet_medium_prop_idx_3178_sidx_7992_eps_0.0039,on_k256,100,CERTIFIED,17,traces/climb_trace/TinyImageNet_resnet_medium_prop_idx_3178_sidx_7992_eps_0.0039/trace_on_k256.csv
climb_trace,TinyImageNet_resnet_medium_prop_idx_3178_sidx_7992_eps_0.0039,off_k256,100,CERTIFIED,89,traces/climb_trace/TinyImageNet_resnet_medium_prop_idx_3178_sidx_7992_eps_0.0039/trace_off_k256.csv
climb_trace,TinyImageNet_resnet_medium_prop_idx_3218_sidx_5420_eps_0.0039,on_k256,100,CERTIFIED,145,traces/climb_trace/TinyImageNet_resnet_medium_prop_idx_3218_sidx_5420_eps_0.0039/trace_on_k256.csv
climb_trace,TinyImageNet_resnet_medium_prop_idx_3218_sidx_5420_eps_0.0039,off_k256,100,CERTIFIED,6731,traces/climb_trace/TinyImageNet_resnet_medium_prop_idx_3218_sidx_5420_eps_0.0039/trace_off_k256.csv
climb_trace,TinyImageNet_resnet_medium_prop_idx_3417_sidx_7200_eps_0.0039,on_k256,100,FALSIFIED,42,traces/climb_trace/TinyImageNet_resnet_medium_prop_idx_3417_sidx_7200_eps_0.0039/trace_on_k256.csv
climb_trace,TinyImageNet_resnet_medium_prop_idx_3417_sidx_7200_eps_0.0039,off_k256,100,FALSIFIED,255,traces/climb_trace/TinyImageNet_resnet_medium_prop_idx_3417_sidx_7200_eps_0.0039/trace_off_k256.csv
climb_trace,TinyImageNet_resnet_medium_prop_idx_4361_sidx_106_eps_0.0039,on_k256,100,FALSIFIED,15,traces/climb_trace/TinyImageNet_resnet_medium_prop_idx_4361_sidx_106_eps_0.0039/trace_on_k256.csv
climb_trace,TinyImageNet_resnet_medium_prop_idx_4361_sidx_106_eps_0.0039,off_k256,100,FALSIFIED,127,traces/climb_trace/TinyImageNet_resnet_medium_prop_idx_4361_sidx_106_eps_0.0039/trace_off_k256.csv
climb_trace,TinyImageNet_resnet_medium_prop_idx_4441_sidx_6620_eps_0.0039,on_k256,100,CERTIFIED,3,traces/climb_trace/TinyImageNet_resnet_medium_prop_idx_4441_sidx_6620_eps_0.0039/trace_on_k256.csv
climb_trace,TinyImageNet_resnet_medium_prop_idx_4441_sidx_6620_eps_0.0039,off_k256,100,CERTIFIED,3,traces/climb_trace/TinyImageNet_resnet_medium_prop_idx_4441_sidx_6620_eps_0.0039/trace_off_k256.csv
climb_trace,TinyImageNet_resnet_medium_prop_idx_4535_sidx_3722_eps_0.0039,on_k256,100,CERTIFIED,3,traces/climb_trace/TinyImageNet_resnet_medium_prop_idx_4535_sidx_3722_eps_0.0039/trace_on_k256.csv
climb_trace,TinyImageNet_resnet_medium_prop_idx_4535_sidx_3722_eps_0.0039,off_k256,100,CERTIFIED,3,traces/climb_trace/TinyImageNet_resnet_medium_prop_idx_4535_sidx_3722_eps_0.0039/trace_off_k256.csv
climb_trace,TinyImageNet_resnet_medium_prop_idx_5421_sidx_558_eps_0.0039,on_k256,100,CERTIFIED,3,traces/climb_trace/TinyImageNet_resnet_medium_prop_idx_5421_sidx_558_eps_0.0039/trace_on_k256.csv
climb_trace,TinyImageNet_resnet_medium_prop_idx_5421_sidx_558_eps_0.0039,off_k256,100,CERTIFIED,3,traces/climb_trace/TinyImageNet_resnet_medium_prop_idx_5421_sidx_558_eps_0.0039/trace_off_k256.csv
climb_trace,TinyImageNet_resnet_medium_prop_idx_7026_sidx_3752_eps_0.0039,on_k256,100,CERTIFIED,89,traces/climb_trace/TinyImageNet_resnet_medium_prop_idx_7026_sidx_3752_eps_0.0039/trace_on_k256.csv
climb_trace,TinyImageNet_resnet_medium_prop_idx_7026_sidx_3752_eps_0.0039,off_k256,100,CERTIFIED,1889,traces/climb_trace/TinyImageNet_resnet_medium_prop_idx_7026_sidx_3752_eps_0.0039/trace_off_k256.csv
climb_trace,TinyImageNet_resnet_medium_prop_idx_7632_sidx_2106_eps_0.0039,on_k256,100,CERTIFIED,3,traces/climb_trace/TinyImageNet_resnet_medium_prop_idx_7632_sidx_2106_eps_0.0039/trace_on_k256.csv
climb_trace,TinyImageNet_resnet_medium_prop_idx_7632_sidx_2106_eps_0.0039,off_k256,100,CERTIFIED,3,traces/climb_trace/TinyImageNet_resnet_medium_prop_idx_7632_sidx_2106_eps_0.0039/trace_off_k256.csv
climb_trace,TinyImageNet_resnet_medium_prop_idx_8472_sidx_7499_eps_0.0039,on_k256,100,CERTIFIED,43,traces/climb_trace/TinyImageNet_resnet_medium_prop_idx_8472_sidx_7499_eps_0.0039/trace_on_k256.csv
climb_trace,TinyImageNet_resnet_medium_prop_idx_8472_sidx_7499_eps_0.0039,off_k256,100,CERTIFIED,119,traces/climb_trace/TinyImageNet_resnet_medium_prop_idx_8472_sidx_7499_eps_0.0039/trace_off_k256.csv
climb_trace,TinyImageNet_resnet_medium_prop_idx_9396_sidx_3885_eps_0.0039,on_k256,100,CERTIFIED,34,traces/climb_trace/TinyImageNet_resnet_medium_prop_idx_9396_sidx_3885_eps_0.0039/trace_on_k256.csv
climb_trace,TinyImageNet_resnet_medium_prop_idx_9396_sidx_3885_eps_0.0039,off_k256,100,CERTIFIED,305,traces/climb_trace/TinyImageNet_resnet_medium_prop_idx_9396_sidx_3885_eps_0.0039/trace_off_k256.csv
climb_trace,TinyImageNet_resnet_medium_prop_idx_9443_sidx_9318_eps_0.0039,on_k256,100,CERTIFIED,24,traces/climb_trace/TinyImageNet_resnet_medium_prop_idx_9443_sidx_9318_eps_0.0039/trace_on_k256.csv
climb_trace,TinyImageNet_resnet_medium_prop_idx_9443_sidx_9318_eps_0.0039,off_k256,100,CERTIFIED,71,traces/climb_trace/TinyImageNet_resnet_medium_prop_idx_9443_sidx_9318_eps_0.0039/trace_off_k256.csv
climb_trace,TinyImageNet_resnet_medium_prop_idx_9542_sidx_2775_eps_0.0039,on_k256,100,CERTIFIED,57,traces/climb_trace/TinyImageNet_resnet_medium_prop_idx_9542_sidx_2775_eps_0.0039/trace_on_k256.csv
climb_trace,TinyImageNet_resnet_medium_prop_idx_9542_sidx_2775_eps_0.0039,off_k256,100,CERTIFIED,221,traces/climb_trace/TinyImageNet_resnet_medium_prop_idx_9542_sidx_2775_eps_0.0039/trace_off_k256.csv
climb_trace,TinyImageNet_resnet_medium_prop_idx_9586_sidx_1970_eps_0.0039,on_k256,100,CERTIFIED,26,traces/climb_trace/TinyImageNet_resnet_medium_prop_idx_9586_sidx_1970_eps_0.0039/trace_on_k256.csv
climb_trace,TinyImageNet_resnet_medium_prop_idx_9586_sidx_1970_eps_0.0039,off_k256,100,CERTIFIED,77,traces/climb_trace/TinyImageNet_resnet_medium_prop_idx_9586_sidx_1970_eps_0.0039/trace_off_k256.csv
climb_trace,TinyImageNet_resnet_medium_prop_idx_9634_sidx_2838_eps_0.0039,on_k256,100,CERTIFIED,5,traces/climb_trace/TinyImageNet_resnet_medium_prop_idx_9634_sidx_2838_eps_0.0039/trace_on_k256.csv
climb_trace,TinyImageNet_resnet_medium_prop_idx_9634_sidx_2838_eps_0.0039,off_k256,100,CERTIFIED,5,traces/climb_trace/TinyImageNet_resnet_medium_prop_idx_9634_sidx_2838_eps_0.0039/trace_off_k256.csv
climb_trace_t300,TinyImageNet_resnet_medium_prop_idx_1134_sidx_5880_eps_0.0039,on_k256,100,CERTIFIED,426,traces/climb_trace_t300/TinyImageNet_resnet_medium_prop_idx_1134_sidx_5880_eps_0.0039/trace_on_k256.csv
climb_trace_t300,TinyImageNet_resnet_medium_prop_idx_1134_sidx_5880_eps_0.0039,off_k256,300,CERTIFIED,30311,traces/climb_trace_t300/TinyImageNet_resnet_medium_prop_idx_1134_sidx_5880_eps_0.0039/trace_off_k256.csv
climb_trace_t300,TinyImageNet_resnet_medium_prop_idx_1247_sidx_5409_eps_0.0039,on_k256,100,CERTIFIED,9285,traces/climb_trace_t300/TinyImageNet_resnet_medium_prop_idx_1247_sidx_5409_eps_0.0039/trace_on_k256.csv
climb_trace_t300,TinyImageNet_resnet_medium_prop_idx_1247_sidx_5409_eps_0.0039,off_k256,300,UNKNOWN,58879,
climb_trace_t300,TinyImageNet_resnet_medium_prop_idx_1417_sidx_8632_eps_0.0039,on_k256,100,CERTIFIED,5209,traces/climb_trace_t300/TinyImageNet_resnet_medium_prop_idx_1417_sidx_8632_eps_0.0039/trace_on_k256.csv
climb_trace_t300,TinyImageNet_resnet_medium_prop_idx_1417_sidx_8632_eps_0.0039,off_k256,300,WATCHDOG,,
climb_trace_t300,TinyImageNet_resnet_medium_prop_idx_1731_sidx_6691_eps_0.0039,on_k256,100,CERTIFIED,114,traces/climb_trace_t300/TinyImageNet_resnet_medium_prop_idx_1731_sidx_6691_eps_0.0039/trace_on_k256.csv
climb_trace_t300,TinyImageNet_resnet_medium_prop_idx_1731_sidx_6691_eps_0.0039,off_k256,300,CERTIFIED,42551,traces/climb_trace_t300/TinyImageNet_resnet_medium_prop_idx_1731_sidx_6691_eps_0.0039/trace_off_k256.csv
climb_trace_t300,TinyImageNet_resnet_medium_prop_idx_1777_sidx_439_eps_0.0039,on_k256,100,CERTIFIED,42,traces/climb_trace_t300/TinyImageNet_resnet_medium_prop_idx_1777_sidx_439_eps_0.0039/trace_on_k256.csv
climb_trace_t300,TinyImageNet_resnet_medium_prop_idx_1777_sidx_439_eps_0.0039,off_k256,300,CERTIFIED,137,traces/climb_trace_t300/TinyImageNet_resnet_medium_prop_idx_1777_sidx_439_eps_0.0039/trace_off_k256.csv
climb_trace_t300,TinyImageNet_resnet_medium_prop_idx_208_sidx_4376_eps_0.0039,on_k256,100,CERTIFIED,933,traces/climb_trace_t300/TinyImageNet_resnet_medium_prop_idx_208_sidx_4376_eps_0.0039/trace_on_k256.csv
climb_trace_t300,TinyImageNet_resnet_medium_prop_idx_208_sidx_4376_eps_0.0039,off_k256,300,CERTIFIED,27467,traces/climb_trace_t300/TinyImageNet_resnet_medium_prop_idx_208_sidx_4376_eps_0.0039/trace_off_k256.csv
climb_trace_t300,TinyImageNet_resnet_medium_prop_idx_247_sidx_1124_eps_0.0039,on_k256,100,CERTIFIED,622,traces/climb_trace_t300/TinyImageNet_resnet_medium_prop_idx_247_sidx_1124_eps_0.0039/trace_on_k256.csv
climb_trace_t300,TinyImageNet_resnet_medium_prop_idx_247_sidx_1124_eps_0.0039,off_k256,300,UNKNOWN,36315,
climb_trace_t300,TinyImageNet_resnet_medium_prop_idx_2712_sidx_2558_eps_0.0039,on_k256,100,CERTIFIED,278,traces/climb_trace_t300/TinyImageNet_resnet_medium_prop_idx_2712_sidx_2558_eps_0.0039/trace_on_k256.csv
climb_trace_t300,TinyImageNet_resnet_medium_prop_idx_2712_sidx_2558_eps_0.0039,off_k256,300,CERTIFIED,6647,traces/climb_trace_t300/TinyImageNet_resnet_medium_prop_idx_2712_sidx_2558_eps_0.0039/trace_off_k256.csv
climb_trace_t300,TinyImageNet_resnet_medium_prop_idx_3139_sidx_2973_eps_0.0039,on_k256,100,CERTIFIED,222,traces/climb_trace_t300/TinyImageNet_resnet_medium_prop_idx_3139_sidx_2973_eps_0.0039/trace_on_k256.csv
climb_trace_t300,TinyImageNet_resnet_medium_prop_idx_3139_sidx_2973_eps_0.0039,off_k256,300,UNKNOWN,59203,
climb_trace_t300,TinyImageNet_resnet_medium_prop_idx_3511_sidx_721_eps_0.0039,on_k256,100,CERTIFIED,15,traces/climb_trace_t300/TinyImageNet_resnet_medium_prop_idx_3511_sidx_721_eps_0.0039/trace_on_k256.csv
climb_trace_t300,TinyImageNet_resnet_medium_prop_idx_3511_sidx_721_eps_0.0039,off_k256,300,UNKNOWN,4939,
climb_trace_t300,TinyImageNet_resnet_medium_prop_idx_3558_sidx_7280_eps_0.0039,on_k256,100,CERTIFIED,247,traces/climb_trace_t300/TinyImageNet_resnet_medium_prop_idx_3558_sidx_7280_eps_0.0039/trace_on_k256.csv
climb_trace_t300,TinyImageNet_resnet_medium_prop_idx_3558_sidx_7280_eps_0.0039,off_k256,300,CERTIFIED,11315,traces/climb_trace_t300/TinyImageNet_resnet_medium_prop_idx_3558_sidx_7280_eps_0.0039/trace_off_k256.csv
climb_trace_t300,TinyImageNet_resnet_medium_prop_idx_4109_sidx_3134_eps_0.0039,on_k256,100,CERTIFIED,244,traces/climb_trace_t300/TinyImageNet_resnet_medium_prop_idx_4109_sidx_3134_eps_0.0039/trace_on_k256.csv
climb_trace_t300,TinyImageNet_resnet_medium_prop_idx_4109_sidx_3134_eps_0.0039,off_k256,300,CERTIFIED,9953,traces/climb_trace_t300/TinyImageNet_resnet_medium_prop_idx_4109_sidx_3134_eps_0.0039/trace_off_k256.csv
climb_trace_t300,TinyImageNet_resnet_medium_prop_idx_4312_sidx_1349_eps_0.0039,on_k256,100,CERTIFIED,153,traces/climb_trace_t300/TinyImageNet_resnet_medium_prop_idx_4312_sidx_1349_eps_0.0039/trace_on_k256.csv
climb_trace_t300,TinyImageNet_resnet_medium_prop_idx_4312_sidx_1349_eps_0.0039,off_k256,300,CERTIFIED,2981,traces/climb_trace_t300/TinyImageNet_resnet_medium_prop_idx_4312_sidx_1349_eps_0.0039/trace_off_k256.csv
climb_trace_t300,TinyImageNet_resnet_medium_prop_idx_4409_sidx_8244_eps_0.0039,on_k256,100,CERTIFIED,2469,traces/climb_trace_t300/TinyImageNet_resnet_medium_prop_idx_4409_sidx_8244_eps_0.0039/trace_on_k256.csv
climb_trace_t300,TinyImageNet_resnet_medium_prop_idx_4409_sidx_8244_eps_0.0039,off_k256,300,UNKNOWN,56353,
climb_trace_t300,TinyImageNet_resnet_medium_prop_idx_5050_sidx_9269_eps_0.0039,on_k256,100,CERTIFIED,143,traces/climb_trace_t300/TinyImageNet_resnet_medium_prop_idx_5050_sidx_9269_eps_0.0039/trace_on_k256.csv
climb_trace_t300,TinyImageNet_resnet_medium_prop_idx_5050_sidx_9269_eps_0.0039,off_k256,300,CERTIFIED,9965,traces/climb_trace_t300/TinyImageNet_resnet_medium_prop_idx_5050_sidx_9269_eps_0.0039/trace_off_k256.csv
climb_trace_t300,TinyImageNet_resnet_medium_prop_idx_5234_sidx_7711_eps_0.0039,on_k256,100,CERTIFIED,576,traces/climb_trace_t300/TinyImageNet_resnet_medium_prop_idx_5234_sidx_7711_eps_0.0039/trace_on_k256.csv
climb_trace_t300,TinyImageNet_resnet_medium_prop_idx_5234_sidx_7711_eps_0.0039,off_k256,300,UNKNOWN,60289,
climb_trace_t300,TinyImageNet_resnet_medium_prop_idx_5440_sidx_1808_eps_0.0039,on_k256,100,CERTIFIED,370,traces/climb_trace_t300/TinyImageNet_resnet_medium_prop_idx_5440_sidx_1808_eps_0.0039/trace_on_k256.csv
climb_trace_t300,TinyImageNet_resnet_medium_prop_idx_5440_sidx_1808_eps_0.0039,off_k256,300,UNKNOWN,80949,
climb_trace_t300,TinyImageNet_resnet_medium_prop_idx_5442_sidx_6087_eps_0.0039,on_k256,100,CERTIFIED,409,traces/climb_trace_t300/TinyImageNet_resnet_medium_prop_idx_5442_sidx_6087_eps_0.0039/trace_on_k256.csv
climb_trace_t300,TinyImageNet_resnet_medium_prop_idx_5442_sidx_6087_eps_0.0039,off_k256,300,CERTIFIED,35285,traces/climb_trace_t300/TinyImageNet_resnet_medium_prop_idx_5442_sidx_6087_eps_0.0039/trace_off_k256.csv
climb_trace_t300,TinyImageNet_resnet_medium_prop_idx_5652_sidx_8781_eps_0.0039,on_k256,100,CERTIFIED,1741,traces/climb_trace_t300/TinyImageNet_resnet_medium_prop_idx_5652_sidx_8781_eps_0.0039/trace_on_k256.csv
climb_trace_t300,TinyImageNet_resnet_medium_prop_idx_5652_sidx_8781_eps_0.0039,off_k256,300,UNKNOWN,86481,
climb_trace_t300,TinyImageNet_resnet_medium_prop_idx_6077_sidx_9485_eps_0.0039,on_k256,100,CERTIFIED,398,traces/climb_trace_t300/TinyImageNet_resnet_medium_prop_idx_6077_sidx_9485_eps_0.0039/trace_on_k256.csv
climb_trace_t300,TinyImageNet_resnet_medium_prop_idx_6077_sidx_9485_eps_0.0039,off_k256,300,UNKNOWN,36423,
climb_trace_t300,TinyImageNet_resnet_medium_prop_idx_6230_sidx_8544_eps_0.0039,on_k256,100,CERTIFIED,1815,traces/climb_trace_t300/TinyImageNet_resnet_medium_prop_idx_6230_sidx_8544_eps_0.0039/trace_on_k256.csv
climb_trace_t300,TinyImageNet_resnet_medium_prop_idx_6230_sidx_8544_eps_0.0039,off_k256,300,UNKNOWN,78229,
climb_trace_t300,TinyImageNet_resnet_medium_prop_idx_6569_sidx_5110_eps_0.0039,on_k256,100,CERTIFIED,2096,traces/climb_trace_t300/TinyImageNet_resnet_medium_prop_idx_6569_sidx_5110_eps_0.0039/trace_on_k256.csv
climb_trace_t300,TinyImageNet_resnet_medium_prop_idx_6569_sidx_5110_eps_0.0039,off_k256,300,UNKNOWN,2839,
climb_trace_t300,TinyImageNet_resnet_medium_prop_idx_670_sidx_7171_eps_0.0039,on_k256,100,CERTIFIED,2254,traces/climb_trace_t300/TinyImageNet_resnet_medium_prop_idx_670_sidx_7171_eps_0.0039/trace_on_k256.csv
climb_trace_t300,TinyImageNet_resnet_medium_prop_idx_670_sidx_7171_eps_0.0039,off_k256,300,UNKNOWN,44685,
climb_trace_t300,TinyImageNet_resnet_medium_prop_idx_6958_sidx_1414_eps_0.0039,on_k256,100,CERTIFIED,169,traces/climb_trace_t300/TinyImageNet_resnet_medium_prop_idx_6958_sidx_1414_eps_0.0039/trace_on_k256.csv
climb_trace_t300,TinyImageNet_resnet_medium_prop_idx_6958_sidx_1414_eps_0.0039,off_k256,300,CERTIFIED,3437,traces/climb_trace_t300/TinyImageNet_resnet_medium_prop_idx_6958_sidx_1414_eps_0.0039/trace_off_k256.csv
climb_trace_t300,TinyImageNet_resnet_medium_prop_idx_736_sidx_8938_eps_0.0039,on_k256,100,CERTIFIED,1586,traces/climb_trace_t300/TinyImageNet_resnet_medium_prop_idx_736_sidx_8938_eps_0.0039/trace_on_k256.csv
climb_trace_t300,TinyImageNet_resnet_medium_prop_idx_736_sidx_8938_eps_0.0039,off_k256,300,UNKNOWN,36107,
climb_trace_t300,TinyImageNet_resnet_medium_prop_idx_7926_sidx_589_eps_0.0039,on_k256,100,CERTIFIED,138,traces/climb_trace_t300/TinyImageNet_resnet_medium_prop_idx_7926_sidx_589_eps_0.0039/trace_on_k256.csv
climb_trace_t300,TinyImageNet_resnet_medium_prop_idx_7926_sidx_589_eps_0.0039,off_k256,300,CERTIFIED,3269,traces/climb_trace_t300/TinyImageNet_resnet_medium_prop_idx_7926_sidx_589_eps_0.0039/trace_off_k256.csv
climb_trace_t300,TinyImageNet_resnet_medium_prop_idx_8013_sidx_2238_eps_0.0039,on_k256,100,CERTIFIED,486,traces/climb_trace_t300/TinyImageNet_resnet_medium_prop_idx_8013_sidx_2238_eps_0.0039/trace_on_k256.csv
climb_trace_t300,TinyImageNet_resnet_medium_prop_idx_8013_sidx_2238_eps_0.0039,off_k256,300,CERTIFIED,13289,traces/climb_trace_t300/TinyImageNet_resnet_medium_prop_idx_8013_sidx_2238_eps_0.0039/trace_off_k256.csv
climb_trace_t300,TinyImageNet_resnet_medium_prop_idx_8041_sidx_395_eps_0.0039,on_k256,100,CERTIFIED,254,traces/climb_trace_t300/TinyImageNet_resnet_medium_prop_idx_8041_sidx_395_eps_0.0039/trace_on_k256.csv
climb_trace_t300,TinyImageNet_resnet_medium_prop_idx_8041_sidx_395_eps_0.0039,off_k256,300,CERTIFIED,2243,traces/climb_trace_t300/TinyImageNet_resnet_medium_prop_idx_8041_sidx_395_eps_0.0039/trace_off_k256.csv
climb_trace_t300,TinyImageNet_resnet_medium_prop_idx_842_sidx_3836_eps_0.0039,on_k256,100,CERTIFIED,1772,traces/climb_trace_t300/TinyImageNet_resnet_medium_prop_idx_842_sidx_3836_eps_0.0039/trace_on_k256.csv
climb_trace_t300,TinyImageNet_resnet_medium_prop_idx_842_sidx_3836_eps_0.0039,off_k256,300,UNKNOWN,56553,
climb_trace_t300,TinyImageNet_resnet_medium_prop_idx_8436_sidx_1112_eps_0.0039,on_k256,100,CERTIFIED,101,traces/climb_trace_t300/TinyImageNet_resnet_medium_prop_idx_8436_sidx_1112_eps_0.0039/trace_on_k256.csv
climb_trace_t300,TinyImageNet_resnet_medium_prop_idx_8436_sidx_1112_eps_0.0039,off_k256,300,CERTIFIED,899,traces/climb_trace_t300/TinyImageNet_resnet_medium_prop_idx_8436_sidx_1112_eps_0.0039/trace_off_k256.csv
climb_trace_t300,TinyImageNet_resnet_medium_prop_idx_8623_sidx_6019_eps_0.0039,on_k256,100,CERTIFIED,5383,traces/climb_trace_t300/TinyImageNet_resnet_medium_prop_idx_8623_sidx_6019_eps_0.0039/trace_on_k256.csv
climb_trace_t300,TinyImageNet_resnet_medium_prop_idx_8623_sidx_6019_eps_0.0039,off_k256,300,UNKNOWN,44715,
climb_trace_t300,TinyImageNet_resnet_medium_prop_idx_8684_sidx_9001_eps_0.0039,on_k256,100,CERTIFIED,344,traces/climb_trace_t300/TinyImageNet_resnet_medium_prop_idx_8684_sidx_9001_eps_0.0039/trace_on_k256.csv
climb_trace_t300,TinyImageNet_resnet_medium_prop_idx_8684_sidx_9001_eps_0.0039,off_k256,300,CERTIFIED,12563,traces/climb_trace_t300/TinyImageNet_resnet_medium_prop_idx_8684_sidx_9001_eps_0.0039/trace_off_k256.csv
climb_trace_t300,TinyImageNet_resnet_medium_prop_idx_9653_sidx_4967_eps_0.0039,on_k256,100,CERTIFIED,505,traces/climb_trace_t300/TinyImageNet_resnet_medium_prop_idx_9653_sidx_4967_eps_0.0039/trace_on_k256.csv
climb_trace_t300,TinyImageNet_resnet_medium_prop_idx_9653_sidx_4967_eps_0.0039,off_k256,300,UNKNOWN,60043,
climb_trace_t300,TinyImageNet_resnet_medium_prop_idx_9762_sidx_9367_eps_0.0039,on_k256,100,CERTIFIED,823,traces/climb_trace_t300/TinyImageNet_resnet_medium_prop_idx_9762_sidx_9367_eps_0.0039/trace_on_k256.csv
climb_trace_t300,TinyImageNet_resnet_medium_prop_idx_9762_sidx_9367_eps_0.0039,off_k256,300,CERTIFIED,29891,traces/climb_trace_t300/TinyImageNet_resnet_medium_prop_idx_9762_sidx_9367_eps_0.0039/trace_off_k256.csv
climb_trace_t300,TinyImageNet_resnet_medium_prop_idx_9796_sidx_1847_eps_0.0039,on_k256,100,CERTIFIED,1189,traces/climb_trace_t300/TinyImageNet_resnet_medium_prop_idx_9796_sidx_1847_eps_0.0039/trace_on_k256.csv
climb_trace_t300,TinyImageNet_resnet_medium_prop_idx_9796_sidx_1847_eps_0.0039,off_k256,300,UNKNOWN,57609,
climb_trace_t300,TinyImageNet_resnet_medium_prop_idx_9827_sidx_1673_eps_0.0039,on_k256,100,CERTIFIED,3152,traces/climb_trace_t300/TinyImageNet_resnet_medium_prop_idx_9827_sidx_1673_eps_0.0039/trace_on_k256.csv
climb_trace_t300,TinyImageNet_resnet_medium_prop_idx_9827_sidx_1673_eps_0.0039,off_k256,300,UNKNOWN,35215,
