dataset,row,onnx,vnnlib,result,time_sec,status,solved,timeout_s,verification_s,wall_s,prep_s,process_wall_s,over_timeout,witness_n,witness_valid,witness_valid_1e6,witness_note,exit_code,log_path,tool_commit,config,deviations,error_class,error_detail,gpu_util_pct_before,gpu_mem_used_mib_before,variant,key,reused_from_row
tinyimagenet_2024,0,TinyImageNet_resnet_medium.onnx,TinyImageNet_resnet_medium_prop_idx_736_sidx_8938_eps_0.0039.vnnlib,error,,ERROR,0,100.0,,3.8518488127738237,0,3.8518488127738237,0,0,,,not a FALSIFIED row,1,scratch/logs/fse2026/nnenum/tinyimagenet_2024/00000_9612cb651ccf02a37896_xnk4ew6p.log,b18238f123ed6fab051ec94641b78a1ba2e307e7,"{""attack"": ""no adversarial attack implementation in this nnenum version; LP witness extraction retained"", ""cpus"": ""0-3"", ""deviations"": [""CPU affinity 0-3; BLAS/OpenMP=1; CUDA hidden"", ""observation-only hook exports Result.total_secs and cinput; watchdog T+20""], ""official"": ""nnenum CLI auto settings""}","[""CPU affinity 0-3; BLAS/OpenMP=1; CUDA hidden"", ""observation-only hook exports Result.total_secs and cinput; watchdog T+20""]",unsupported_op,"assert False, f""unsupported onnx op_type {op} in node {cur_node.name}""
AssertionError: unsupported onnx op_type Conv in node Conv_0
During handling of the above exception, another exception occurred:
AssertionError: Onnx model contains node with op BatchNormalization, which may not be a linear operation. Updated Settings.WHITELIST if you want to override this.",89.0,9886.0,auto_no_attacks_cpu4,"[""nnenum"",""data/vnncomp2026/tinyimagenet_2024/1.0/onnx/TinyImageNet_resnet_medium.onnx"",""data/vnncomp2026/tinyimagenet_2024/1.0/vnnlib/TinyImageNet_resnet_medium_prop_idx_736_sidx_8938_eps_0.0039.vnnlib"",100.0,""auto_no_attacks_cpu4""]",
tinyimagenet_2024,1,TinyImageNet_resnet_medium.onnx,TinyImageNet_resnet_medium_prop_idx_5158_sidx_5118_eps_0.0039.vnnlib,error,,ERROR,0,100.0,,3.996331963688135,0,3.996331963688135,0,0,,,not a FALSIFIED row,1,scratch/logs/fse2026/nnenum/tinyimagenet_2024/00001_26b9938e8cad8986a66d_01mnfmjw.log,b18238f123ed6fab051ec94641b78a1ba2e307e7,"{""attack"": ""no adversarial attack implementation in this nnenum version; LP witness extraction retained"", ""cpus"": ""0-3"", ""deviations"": [""CPU affinity 0-3; BLAS/OpenMP=1; CUDA hidden"", ""observation-only hook exports Result.total_secs and cinput; watchdog T+20""], ""official"": ""nnenum CLI auto settings""}","[""CPU affinity 0-3; BLAS/OpenMP=1; CUDA hidden"", ""observation-only hook exports Result.total_secs and cinput; watchdog T+20""]",unsupported_op,"assert False, f""unsupported onnx op_type {op} in node {cur_node.name}""
AssertionError: unsupported onnx op_type Conv in node Conv_0
During handling of the above exception, another exception occurred:
AssertionError: Onnx model contains node with op BatchNormalization, which may not be a linear operation. Updated Settings.WHITELIST if you want to override this.",96.0,17368.0,auto_no_attacks_cpu4,"[""nnenum"",""data/vnncomp2026/tinyimagenet_2024/1.0/onnx/TinyImageNet_resnet_medium.onnx"",""data/vnncomp2026/tinyimagenet_2024/1.0/vnnlib/TinyImageNet_resnet_medium_prop_idx_5158_sidx_5118_eps_0.0039.vnnlib"",100.0,""auto_no_attacks_cpu4""]",
tinyimagenet_2024,2,TinyImageNet_resnet_medium.onnx,TinyImageNet_resnet_medium_prop_idx_4109_sidx_3134_eps_0.0039.vnnlib,error,,ERROR,0,100.0,,3.894436167553067,0,3.894436167553067,0,0,,,not a FALSIFIED row,1,scratch/logs/fse2026/nnenum/tinyimagenet_2024/00002_7ca67eae7c7151cef3d6_r42_mel5.log,b18238f123ed6fab051ec94641b78a1ba2e307e7,"{""attack"": ""no adversarial attack implementation in this nnenum version; LP witness extraction retained"", ""cpus"": ""0-3"", ""deviations"": [""CPU affinity 0-3; BLAS/OpenMP=1; CUDA hidden"", ""observation-only hook exports Result.total_secs and cinput; watchdog T+20""], ""official"": ""nnenum CLI auto settings""}","[""CPU affinity 0-3; BLAS/OpenMP=1; CUDA hidden"", ""observation-only hook exports Result.total_secs and cinput; watchdog T+20""]",unsupported_op,"assert False, f""unsupported onnx op_type {op} in node {cur_node.name}""
AssertionError: unsupported onnx op_type Conv in node Conv_0
During handling of the above exception, another exception occurred:
AssertionError: Onnx model contains node with op BatchNormalization, which may not be a linear operation. Updated Settings.WHITELIST if you want to override this.",74.0,34092.0,auto_no_attacks_cpu4,"[""nnenum"",""data/vnncomp2026/tinyimagenet_2024/1.0/onnx/TinyImageNet_resnet_medium.onnx"",""data/vnncomp2026/tinyimagenet_2024/1.0/vnnlib/TinyImageNet_resnet_medium_prop_idx_4109_sidx_3134_eps_0.0039.vnnlib"",100.0,""auto_no_attacks_cpu4""]",
