dataset,row,onnx,vnnlib,query,result,time_sec,status,solved,timeout_s,verification_s,timeout_clock_s,wall_s,process_wall_s,over_timeout,nodes,exhausted_budget_nodes,witness_n,witness_valid,witness_valid_1e6,witness_rho,gpu_peak_mib,peak_rss_mb,runner_state,exit_code,row_config,run_id,log_path,frontier_nodes_peak,nodes_minted,generated_children,main_bound_row_passes,main_bound_calls,peak_frontier_rows,recheck_calls,cores_inserted,core_literals_original,core_literals_retained,prebound_discharged,presplit_discharged,prebound_unit_writes,presplit_unit_writes,merged_pairs,merge_rows_before,merge_rows_after,merge_literals_before,merge_literals_after
cifar100_2024,,CIFAR100_resnet_medium.onnx,CIFAR100_resnet_medium_prop_idx_3890_sidx_8288_eps_0.0039.vnnlib,,unsat,75.117165912,CERTIFIED,1,100.0,75.117165912,75.198983343,80.97166741266847,80.92,0,4117,False,0,,,,1690.1,2312.5,completed,0,recheck2_k256,253fa51cd02ccda91d88,scratch/logs/fse2026/rq23_fsb/rq23_fsb/cifar100_2024/recheck2_k256/e1_253fa51cd02ccda91d88.log,84,0,3734,4117,93,84,78,1364,21026,20882,0,0,3,4,493,2620,2127,34231,27538
cifar100_2024,,CIFAR100_resnet_medium.onnx,CIFAR100_resnet_medium_prop_idx_5371_sidx_1200_eps_0.0039.vnnlib,,unsat,94.146733796,CERTIFIED,1,100.0,94.146733796,94.226088166,98.24717138335109,98.2,0,5676,False,0,,,,2433.8,2325.3,completed,0,recheck2_k256,a8cdafbf15ae43dd6243,scratch/logs/fse2026/rq23_fsb/rq23_fsb/cifar100_2024/recheck2_k256/e1_a8cdafbf15ae43dd6243.log,159,0,5118,5676,107,159,90,1797,31077,31009,0,0,2,0,750,3700,2950,56005,44285
cifar100_2024,,CIFAR100_resnet_large.onnx,CIFAR100_resnet_large_prop_idx_5773_sidx_7310_eps_0.0039.vnnlib,,unsat,32.491330136,CERTIFIED,1,100.0,32.491330136,32.725871807,37.99220481328666,37.94,0,247,False,0,,,,6326.1,2287.5,completed,0,recheck2_k256,5b60fde7c93df4d6185d,scratch/logs/fse2026/rq23_fsb/rq23_fsb/cifar100_2024/recheck2_k256/e1_5b60fde7c93df4d6185d.log,16,0,232,247,37,16,30,94,1393,1347,0,0,0,4,17,118,101,1459,1208
cifar100_2024,,CIFAR100_resnet_medium.onnx,CIFAR100_resnet_medium_prop_idx_8420_sidx_4285_eps_0.0039.vnnlib,,unsat,26.703827824,CERTIFIED,1,100.0,26.703827824,26.78721343,31.57505934499204,31.56,0,367,False,0,,,,1690.1,2285.6,completed,0,recheck2_k256,d31aac748eb8923fa70b,scratch/logs/fse2026/rq23_fsb/rq23_fsb/cifar100_2024/recheck2_k256/e1_d31aac748eb8923fa70b.log,26,0,334,367,40,26,34,125,1577,1520,0,0,1,6,39,226,187,2389,1925
cifar100_2024,,CIFAR100_resnet_medium.onnx,CIFAR100_resnet_medium_prop_idx_1761_sidx_3933_eps_0.0039.vnnlib,,unsat,49.701079845,CERTIFIED,1,100.0,49.701079845,49.782455642,54.71317308396101,54.67,0,964,False,0,,,,1690.1,2263.1,completed,0,recheck2_k256,2e69075f10de1493ffb5,scratch/logs/fse2026/rq23_fsb/rq23_fsb/cifar100_2024/recheck2_k256/e1_2e69075f10de1493ffb5.log,31,0,880,964,72,31,56,341,5763,5656,0,0,0,1,96,555,459,8255,6600
cifar100_2024,,CIFAR100_resnet_medium.onnx,CIFAR100_resnet_medium_prop_idx_1798_sidx_1061_eps_0.0039.vnnlib,,unsat,12.459356431,CERTIFIED,1,100.0,12.459356431,12.539964592,17.39620959572494,17.38,0,102,False,0,,,,1690.1,2254.1,completed,0,recheck2_k256,5e1df39ebf4fe07d6a09,scratch/logs/fse2026/rq23_fsb/rq23_fsb/cifar100_2024/recheck2_k256/e1_5e1df39ebf4fe07d6a09.log,18,0,98,102,17,18,8,44,363,347,0,0,0,2,5,32,27,230,200
cifar100_2024,,CIFAR100_resnet_medium.onnx,CIFAR100_resnet_medium_prop_idx_8208_sidx_8378_eps_0.0039.vnnlib,,unsat,16.817190068,CERTIFIED,1,100.0,16.817190068,16.898438012,20.261404747143388,20.23,0,194,False,0,,,,1690.1,2261.0,completed,0,recheck2_k256,6ce01f67fa1086a5cf25,scratch/logs/fse2026/rq23_fsb/rq23_fsb/cifar100_2024/recheck2_k256/e1_6ce01f67fa1086a5cf25.log,17,0,178,194,22,17,18,71,607,587,0,0,0,0,19,106,87,748,600
cifar100_2024,,CIFAR100_resnet_large.onnx,CIFAR100_resnet_large_prop_idx_3188_sidx_7021_eps_0.0039.vnnlib,,unsat,16.230227754,CERTIFIED,1,100.0,16.230227754,16.462987388,22.057695601135492,22.04,0,43,False,0,,,,6539.5,2328.9,completed,0,recheck2_k256,b7cfe9f9d1a1da179e1e,scratch/logs/fse2026/rq23_fsb/rq23_fsb/cifar100_2024/recheck2_k256/e1_b7cfe9f9d1a1da179e1e.log,8,0,42,43,10,8,7,20,122,112,0,0,0,1,0,12,12,54,54
cifar100_2024,,CIFAR100_resnet_large.onnx,CIFAR100_resnet_large_prop_idx_8452_sidx_3448_eps_0.0039.vnnlib,,sat,15.372971369,FALSIFIED,1,100.0,15.372971369,15.591526875,20.457329086959362,20.41,0,109,,1,True,True,0.0,5818.4,2299.9,completed,0,recheck2_k256,8d7e3eb0e508a59e939d,scratch/logs/fse2026/rq23_fsb/rq23_fsb/cifar100_2024/recheck2_k256/e1_8d7e3eb0e508a59e939d.log,25,0,96,109,11,25,6,11,62,57,0,0,0,0,20,69,49,351,224
cifar100_2024,,CIFAR100_resnet_medium.onnx,CIFAR100_resnet_medium_prop_idx_5523_sidx_8483_eps_0.0039.vnnlib,,unsat,11.999206549,CERTIFIED,1,100.0,11.999206549,12.090360736,17.64604027569294,17.61,0,33,,0,,,,1690.1,2249.2,completed,0,recheck2_k256,b8fe5a74852b1e20b601,scratch/logs/fse2026/rq23_fsb/rq23_fsb/cifar100_2024/recheck2_k256/e1_b8fe5a74852b1e20b601.log,4,0,32,33,15,4,13,17,144,130,0,0,0,0,0,2,2,22,22
