K,climb_enabled,climb_unlearned_shrunk_box_lanes,event,frontier,native_wave_index,nodes,t,terminal_input_split_lanes,terminal_lp_calls,terminal_lp_certified_lanes,terminal_lp_failed_lanes,terminal_lp_falsified_lanes,terminal_lp_skipped_lanes,terminal_lp_time_ms,wave,status
0,False,0,initial,1,0,0,5.444897649809718,0,0,0,0,0,0,0,0,
1,False,0,wave,2,0,1,6.142529031261802,0,0,0,0,0,0,0,1,
2,False,0,wave,4,0,3,6.525612825527787,0,0,0,0,0,0,0,2,
4,False,0,wave,8,0,7,6.915894927456975,0,0,0,0,0,0,0,3,
8,False,0,wave,14,0,15,7.301443349570036,0,0,0,0,0,0,0,4,
14,False,0,wave,20,0,29,7.672647612169385,0,0,0,0,0,0,0,5,
20,False,0,wave,30,0,49,8.066369570791721,0,0,0,0,0,0,0,6,
30,False,0,wave,44,0,79,8.46587579511106,0,0,0,0,0,0,0,7,
44,False,0,wave,46,0,123,8.884735271334648,0,0,0,0,0,0,0,8,
46,False,0,wave,64,0,169,9.301468174904585,0,0,0,0,0,0,0,9,
64,False,0,wave,84,0,233,9.754104608669877,0,0,0,0,0,0,0,10,
84,False,0,wave,108,0,317,10.248381899669766,0,0,0,0,0,0,0,11,
108,False,0,wave,122,0,425,10.78300565853715,0,0,0,0,0,0,0,12,
122,False,0,wave,142,0,547,11.349559035152197,0,0,0,0,0,0,0,13,
142,False,0,wave,176,0,689,11.968773415312171,0,0,0,0,0,0,0,14,
176,False,0,wave,204,0,865,12.67095691896975,0,0,0,0,0,0,0,15,
204,False,0,wave,266,0,1069,13.455229794606566,0,0,0,0,0,0,0,16,
256,False,0,wave,358,0,1325,14.398481274023652,0,0,0,0,0,0,0,17,
256,False,0,wave,480,0,1581,15.380532084032893,0,0,0,0,0,0,0,18,
256,False,0,wave,572,0,1837,16.317572735249996,0,0,0,0,0,0,0,19,
256,False,0,wave,686,0,2093,17.280137551948428,0,0,0,0,0,0,0,20,
256,False,0,wave,774,0,2349,18.212288042530417,0,0,0,0,0,0,0,21,
256,False,0,wave,842,0,2605,19.125558979809284,0,0,0,0,0,0,0,22,
256,False,0,wave,902,0,2861,20.030977552756667,0,0,0,0,0,0,0,23,
256,False,0,wave,956,0,3117,20.930747095495462,0,0,0,0,0,0,0,24,
256,False,0,wave,992,0,3373,21.819094007834792,0,0,0,0,0,0,0,25,
256,False,0,wave,1052,0,3629,22.7192245349288,0,0,0,0,0,0,0,26,
256,False,0,wave,1092,0,3885,23.609534883871675,0,0,0,0,0,0,0,27,
256,False,0,wave,1096,0,4141,24.47304772026837,0,0,0,0,0,0,0,28,
256,False,0,wave,1082,0,4397,25.32047349959612,0,0,0,0,0,0,0,29,
256,False,0,wave,1074,0,4653,26.169987302273512,0,0,0,0,0,0,0,30,
256,False,0,wave,1042,0,4909,27.017292886972427,0,0,0,0,0,0,0,31,
256,False,0,wave,1026,0,5165,27.859194284304976,0,0,0,0,0,0,0,32,
256,False,0,wave,1012,0,5421,28.705012127757072,0,0,0,0,0,0,0,33,
256,False,0,wave,1010,0,5677,29.55751490034163,0,0,0,0,0,0,0,34,
256,False,0,wave,978,0,5933,30.402990637347102,0,0,0,0,0,0,0,35,
256,False,0,wave,956,0,6189,31.264032684266567,0,0,0,0,0,0,0,36,
256,False,0,wave,924,0,6445,32.11125888302922,0,0,0,0,0,0,0,37,
256,False,0,wave,906,0,6701,32.9549682661891,0,0,0,0,0,0,0,38,
256,False,0,wave,892,0,6957,33.79904710315168,0,0,0,0,0,0,0,39,
256,False,0,wave,872,0,7213,34.68240759335458,0,0,0,0,0,0,0,40,
256,False,0,wave,852,0,7469,35.543487222865224,0,0,0,0,0,0,0,41,
256,False,0,wave,836,0,7725,36.383711179718375,0,0,0,0,0,0,0,42,
256,False,0,wave,838,0,7981,37.24013087339699,0,0,0,0,0,0,0,43,
256,False,0,wave,850,0,8237,38.10755462758243,0,0,0,0,0,0,0,44,
256,False,0,wave,838,0,8493,38.95216251723468,0,0,0,0,0,0,0,45,
256,False,0,wave,840,0,8749,39.80965828336775,0,0,0,0,0,0,0,46,
256,False,0,wave,852,0,9005,40.67642318829894,0,0,0,0,0,0,0,47,
256,False,0,wave,864,0,9261,41.54383012279868,0,0,0,0,0,0,0,48,
256,False,0,wave,872,0,9517,42.409070175141096,0,0,0,0,0,0,0,49,
256,False,0,wave,882,0,9773,43.27777989581227,0,0,0,0,0,0,0,50,
256,False,0,wave,864,0,10029,44.12144044786692,0,0,0,0,0,0,0,51,
256,False,0,wave,820,0,10285,44.962880827486515,0,0,0,0,0,0,0,52,
256,False,0,wave,796,0,10541,45.825471457093954,0,0,0,0,0,0,0,53,
256,False,0,wave,794,0,10797,46.675623655319214,0,0,0,0,0,0,0,54,
256,False,0,wave,784,0,11053,47.525841599330306,0,0,0,0,0,0,0,55,
256,False,0,wave,752,0,11309,48.37355265580118,0,0,0,0,0,0,0,56,
256,False,0,wave,746,0,11565,49.222743824124336,0,0,0,0,0,0,0,57,
256,False,0,wave,752,0,11821,50.08869211189449,0,0,0,0,0,0,0,58,
256,False,0,wave,786,0,12077,50.979646395891905,0,0,0,0,0,0,0,59,
256,False,0,wave,790,0,12333,51.84095614589751,0,0,0,0,0,0,0,60,
256,False,0,wave,790,0,12589,52.697114957496524,0,0,0,0,0,0,0,61,
256,False,0,wave,804,0,12845,53.57189400494099,0,0,0,0,0,0,0,62,
256,False,0,wave,786,0,13101,54.416710171848536,0,0,0,0,0,0,0,63,
256,False,0,wave,766,0,13357,55.276512594893575,0,0,0,0,0,0,0,64,
256,False,0,wave,728,0,13613,56.126869816333055,0,0,0,0,0,0,0,65,
256,False,0,wave,700,0,13869,56.995163053274155,0,0,0,0,0,0,0,66,
256,False,0,wave,680,0,14125,57.8576052505523,0,0,0,0,0,0,0,67,
256,False,0,wave,686,0,14381,58.716520607471466,0,0,0,0,0,0,0,68,
256,False,0,wave,682,0,14637,59.57093181461096,0,0,0,0,0,0,0,69,
256,False,0,wave,678,0,14893,60.422644881531596,0,0,0,0,0,0,0,70,
256,False,0,wave,662,0,15149,61.26428990252316,0,0,0,0,0,0,0,71,
256,False,0,wave,636,0,15405,62.12431325390935,0,0,0,0,0,0,0,72,
256,False,0,wave,632,0,15661,62.97520713880658,0,0,0,0,0,0,0,73,
256,False,0,wave,644,0,15917,63.844602059572935,0,0,0,0,0,0,0,74,
256,False,0,wave,658,0,16173,64.71375997178257,0,0,0,0,0,0,0,75,
256,False,0,wave,652,0,16429,65.56542922370136,0,0,0,0,0,0,0,76,
256,False,0,wave,638,0,16685,66.41380672156811,0,0,0,0,0,0,0,77,
256,False,0,wave,630,0,16941,67.26498912833631,0,0,0,0,0,0,0,78,
256,False,0,wave,628,0,17197,68.11636799760163,0,0,0,0,0,0,0,79,
256,False,0,wave,618,0,17453,68.96374495513737,0,0,0,0,0,0,0,80,
256,False,0,wave,592,0,17709,69.82639826461673,0,0,0,0,0,0,0,81,
256,False,0,wave,562,0,17965,70.68415479175746,0,0,0,0,0,0,0,82,
256,False,0,wave,554,0,18221,71.53165900334716,0,0,0,0,0,0,0,83,
256,False,0,wave,558,0,18477,72.39353489503264,0,0,0,0,0,0,0,84,
256,False,0,wave,572,0,18733,73.26322393864393,0,0,0,0,0,0,0,85,
256,False,0,wave,586,0,18989,74.12943585962057,0,0,0,0,0,0,0,86,
256,False,0,wave,594,0,19245,74.99151235632598,0,0,0,0,0,0,0,87,
256,False,0,wave,598,0,19501,75.85392951220274,0,0,0,0,0,0,0,88,
256,False,0,wave,614,0,19757,76.7294013556093,0,0,0,0,0,0,0,89,
256,False,0,wave,618,0,20013,77.59092732518911,0,0,0,0,0,0,0,90,
256,False,0,wave,626,0,20269,78.45461229979992,0,0,0,0,0,0,0,91,
256,False,0,wave,624,0,20525,79.31747705489397,0,0,0,0,0,0,0,92,
256,False,0,wave,630,0,20781,80.1769373062998,0,0,0,0,0,0,0,93,
256,False,0,wave,622,0,21037,81.0273614153266,0,0,0,0,0,0,0,94,
256,False,0,wave,604,0,21293,81.87159048393369,0,0,0,0,0,0,0,95,
256,False,0,wave,588,0,21549,82.71573703549802,0,0,0,0,0,0,0,96,
256,False,0,wave,548,0,21805,83.55845631472766,0,0,0,0,0,0,0,97,
256,False,0,wave,530,0,22061,84.40367106348276,0,0,0,0,0,0,0,98,
256,False,0,wave,510,0,22317,85.26517798006535,0,0,0,0,0,0,0,99,
256,False,0,wave,492,0,22573,86.111837413162,0,0,0,0,0,0,0,100,
256,False,0,wave,492,0,22829,86.96281515620649,0,0,0,0,0,0,0,101,
256,False,0,wave,488,0,23085,87.81676418706775,0,0,0,0,0,0,0,102,
256,False,0,wave,498,0,23341,88.68345673382282,0,0,0,0,0,0,0,103,
256,False,0,wave,494,0,23597,89.53517635166645,0,0,0,0,0,0,0,104,
256,False,0,wave,504,0,23853,90.40161258913577,0,0,0,0,0,0,0,105,
256,False,0,wave,522,0,24109,91.27797928452492,0,0,0,0,0,0,0,106,
256,False,0,wave,528,0,24365,92.14397173933685,0,0,0,0,0,0,0,107,
256,False,0,wave,496,0,24621,93.07543620280921,0,0,0,0,0,0,0,108,
256,False,0,wave,454,0,24877,93.92330733500421,0,0,0,0,0,0,0,109,
256,False,0,wave,440,0,25133,94.7722636051476,0,0,0,0,0,0,0,110,
256,False,0,wave,444,0,25389,95.63454079069197,0,0,0,0,0,0,0,111,
256,False,0,wave,448,0,25645,96.4961765948683,0,0,0,0,0,0,0,112,
256,False,0,wave,444,0,25901,97.34899913147092,0,0,0,0,0,0,0,113,
256,False,0,wave,448,0,26157,98.20929298736155,0,0,0,0,0,0,0,114,
256,False,0,wave,450,0,26413,99.07388284429908,0,0,0,0,0,0,0,115,
256,False,0,wave,450,0,26669,99.92369002662599,0,0,0,0,0,0,0,116,
256,False,0,wave,450,0,26925,100.77411025948822,0,0,0,0,0,0,0,117,
256,False,0,wave,430,0,27181,101.64406179636717,0,0,0,0,0,0,0,118,
256,False,0,wave,414,0,27437,102.48605540022254,0,0,0,0,0,0,0,119,
256,False,0,wave,430,0,27693,103.35631539486349,0,0,0,0,0,0,0,120,
256,False,0,wave,434,0,27949,104.21666684560478,0,0,0,0,0,0,0,121,
256,False,0,wave,424,0,28205,105.06927863135934,0,0,0,0,0,0,0,122,
256,False,0,wave,454,0,28461,105.95208069495857,0,0,0,0,0,0,0,123,
256,False,0,wave,458,0,28717,106.81645881198347,0,0,0,0,0,0,0,124,
256,False,0,wave,456,0,28973,107.67189098335803,0,0,0,0,0,0,0,125,
256,False,0,wave,436,0,29229,108.53831527940929,0,0,0,0,0,0,0,126,
256,False,0,wave,430,0,29485,109.39073866605759,0,0,0,0,0,0,0,127,
256,False,0,wave,402,0,29741,110.24772502668202,0,0,0,0,0,0,0,128,
256,False,0,wave,392,0,29997,111.09723982773721,0,0,0,0,0,0,0,129,
256,False,0,wave,400,0,30253,111.96263935603201,0,0,0,0,0,0,0,130,
256,False,0,wave,404,0,30509,112.82603907212615,0,0,0,0,0,0,0,131,
256,False,0,wave,408,0,30765,113.6908143311739,0,0,0,0,0,0,0,132,
256,False,0,wave,406,0,31021,114.54503748379648,0,0,0,0,0,0,0,133,
256,False,0,wave,398,0,31277,115.39877838082612,0,0,0,0,0,0,0,134,
256,False,0,wave,400,0,31533,116.25981916673481,0,0,0,0,0,0,0,135,
256,False,0,wave,404,0,31789,117.12410059943795,0,0,0,0,0,0,0,136,
256,False,0,wave,400,0,32045,117.97728931717575,0,0,0,0,0,0,0,137,
256,False,0,wave,404,0,32301,118.84212946332991,0,0,0,0,0,0,0,138,
256,False,0,wave,400,0,32557,119.69487211853266,0,0,0,0,0,0,0,139,
256,False,0,wave,390,0,32813,120.54717661812901,0,0,0,0,0,0,0,140,
256,False,0,wave,350,0,33069,121.39160219952464,0,0,0,0,0,0,0,141,
256,False,0,wave,314,0,33325,122.24132583476603,0,0,0,0,0,0,0,142,
256,False,0,wave,274,0,33581,123.08406743593514,0,0,0,0,0,0,0,143,
256,False,0,wave,270,0,33837,123.93652376718819,0,0,0,0,0,0,0,144,
256,False,0,wave,300,0,34093,124.819838328287,0,0,0,0,0,0,0,145,
256,False,0,wave,314,0,34349,125.69282694533467,0,0,0,0,0,0,0,146,
256,False,0,wave,332,0,34605,126.56787148304284,0,0,0,0,0,0,0,147,
256,False,0,wave,348,0,34861,127.43671559914947,0,0,0,0,0,0,0,148,
256,False,0,wave,398,0,35117,128.3396881595254,0,0,0,0,0,0,0,149,
256,False,0,wave,446,0,35373,129.23769841901958,0,0,0,0,0,0,0,150,
256,False,0,wave,476,0,35629,130.11933650821447,0,0,0,0,0,0,0,151,
256,False,0,wave,486,0,35885,130.98818833567202,0,0,0,0,0,0,0,152,
256,False,0,wave,490,0,36141,131.84811056405306,0,0,0,0,0,0,0,153,
256,False,0,wave,472,0,36397,132.69532098434865,0,0,0,0,0,0,0,154,
256,False,0,wave,428,0,36653,133.53940553590655,0,0,0,0,0,0,0,155,
256,False,0,wave,394,0,36909,134.39240700379014,0,0,0,0,0,0,0,156,
256,False,0,wave,370,0,37165,135.26303261518478,0,0,0,0,0,0,0,157,
256,False,0,wave,344,0,37421,136.13987618498504,0,0,0,0,0,0,0,158,
256,False,0,wave,318,0,37677,137.00804546661675,0,0,0,0,0,0,0,159,
256,False,0,wave,290,0,37933,137.8675264082849,0,0,0,0,0,0,0,160,
256,False,0,wave,282,0,38189,138.71680348180234,0,0,0,0,0,0,0,161,
256,False,0,wave,290,0,38445,139.58233480527997,0,0,0,0,0,0,0,162,
256,False,0,wave,284,0,38701,140.43492871709168,0,0,0,0,0,0,0,163,
256,False,0,wave,302,0,38957,141.30942446365952,0,0,0,0,0,0,0,164,
256,False,0,wave,334,0,39213,142.1907175797969,0,0,0,0,0,0,0,165,
256,False,0,wave,352,0,39469,143.0646272879094,0,0,0,0,0,0,0,166,
256,False,0,wave,364,0,39725,143.9321599341929,0,0,0,0,0,0,0,167,
256,False,0,wave,364,0,39981,144.78320002369583,0,0,0,0,0,0,0,168,
256,False,0,wave,356,0,40237,145.63461794890463,0,0,0,0,0,0,0,169,
256,False,0,wave,332,0,40493,146.49682506546378,0,0,0,0,0,0,0,170,
256,False,0,wave,316,0,40749,147.3413830641657,0,0,0,0,0,0,0,171,
256,False,0,wave,304,0,41005,148.1876168642193,0,0,0,0,0,0,0,172,
256,False,0,wave,272,0,41261,149.03794001229107,0,0,0,0,0,0,0,173,
256,False,0,wave,214,0,41517,149.87310603260994,0,0,0,0,0,0,0,174,
214,False,0,wave,162,0,41731,150.60742665082216,0,0,0,0,0,0,0,175,
162,False,0,wave,130,0,41893,151.22425520792603,0,0,0,0,0,0,0,176,
130,False,0,wave,102,0,42023,151.77068815939128,0,0,0,0,0,0,0,177,
102,False,0,wave,86,0,42125,152.28265957534313,0,0,0,0,0,0,0,178,
86,False,0,wave,78,0,42211,152.77041910402477,0,0,0,0,0,0,0,179,
78,False,0,wave,70,0,42289,153.2443755734712,0,0,0,0,0,0,0,180,
70,False,0,wave,60,0,42359,153.71008967608213,0,0,0,0,0,0,0,181,
60,False,0,wave,42,0,42419,154.14997793920338,0,0,0,0,0,0,0,182,
42,False,0,wave,32,0,42461,154.55619749054313,0,0,0,0,0,0,0,183,
32,False,0,wave,24,0,42493,154.94375117123127,0,0,0,0,0,0,0,184,
24,False,0,wave,16,0,42517,155.33289453200996,0,0,0,0,0,0,0,185,
16,False,0,wave,6,0,42533,155.70565773919225,0,0,0,0,0,0,0,186,
6,False,0,wave,4,0,42539,156.07278113253415,0,0,0,0,0,0,0,187,
4,False,0,wave,4,0,42543,156.43338866718113,0,0,0,0,0,0,0,188,
4,False,0,wave,4,0,42547,156.78855506330729,0,0,0,0,0,0,0,189,
4,False,0,wave,0,0,42551,156.81902465969324,0,0,0,0,0,0,0,190,
4,False,0,final,0,0,42551,156.81923188269138,0,0,0,0,0,0,0,190,VerifyStatus.CERTIFIED
