query,onnx,vnnlib,onnx_path,vnnlib_path
0,CIFAR100_resnet_medium.onnx,CIFAR100_resnet_medium_prop_idx_3890_sidx_8288_eps_0.0039.vnnlib,data/vnncomp2026/cifar100_2024/2.0/onnx/CIFAR100_resnet_medium.onnx,data/vnncomp2026/cifar100_2024/2.0/vnnlib/CIFAR100_resnet_medium_prop_idx_3890_sidx_8288_eps_0.0039.vnnlib
1,CIFAR100_resnet_medium.onnx,CIFAR100_resnet_medium_prop_idx_5371_sidx_1200_eps_0.0039.vnnlib,data/vnncomp2026/cifar100_2024/2.0/onnx/CIFAR100_resnet_medium.onnx,data/vnncomp2026/cifar100_2024/2.0/vnnlib/CIFAR100_resnet_medium_prop_idx_5371_sidx_1200_eps_0.0039.vnnlib
2,CIFAR100_resnet_large.onnx,CIFAR100_resnet_large_prop_idx_5773_sidx_7310_eps_0.0039.vnnlib,data/vnncomp2026/cifar100_2024/2.0/onnx/CIFAR100_resnet_large.onnx,data/vnncomp2026/cifar100_2024/2.0/vnnlib/CIFAR100_resnet_large_prop_idx_5773_sidx_7310_eps_0.0039.vnnlib
3,CIFAR100_resnet_medium.onnx,CIFAR100_resnet_medium_prop_idx_8420_sidx_4285_eps_0.0039.vnnlib,data/vnncomp2026/cifar100_2024/2.0/onnx/CIFAR100_resnet_medium.onnx,data/vnncomp2026/cifar100_2024/2.0/vnnlib/CIFAR100_resnet_medium_prop_idx_8420_sidx_4285_eps_0.0039.vnnlib
4,CIFAR100_resnet_medium.onnx,CIFAR100_resnet_medium_prop_idx_1761_sidx_3933_eps_0.0039.vnnlib,data/vnncomp2026/cifar100_2024/2.0/onnx/CIFAR100_resnet_medium.onnx,data/vnncomp2026/cifar100_2024/2.0/vnnlib/CIFAR100_resnet_medium_prop_idx_1761_sidx_3933_eps_0.0039.vnnlib
5,CIFAR100_resnet_medium.onnx,CIFAR100_resnet_medium_prop_idx_1798_sidx_1061_eps_0.0039.vnnlib,data/vnncomp2026/cifar100_2024/2.0/onnx/CIFAR100_resnet_medium.onnx,data/vnncomp2026/cifar100_2024/2.0/vnnlib/CIFAR100_resnet_medium_prop_idx_1798_sidx_1061_eps_0.0039.vnnlib
6,CIFAR100_resnet_medium.onnx,CIFAR100_resnet_medium_prop_idx_8208_sidx_8378_eps_0.0039.vnnlib,data/vnncomp2026/cifar100_2024/2.0/onnx/CIFAR100_resnet_medium.onnx,data/vnncomp2026/cifar100_2024/2.0/vnnlib/CIFAR100_resnet_medium_prop_idx_8208_sidx_8378_eps_0.0039.vnnlib
7,CIFAR100_resnet_large.onnx,CIFAR100_resnet_large_prop_idx_3188_sidx_7021_eps_0.0039.vnnlib,data/vnncomp2026/cifar100_2024/2.0/onnx/CIFAR100_resnet_large.onnx,data/vnncomp2026/cifar100_2024/2.0/vnnlib/CIFAR100_resnet_large_prop_idx_3188_sidx_7021_eps_0.0039.vnnlib
8,CIFAR100_resnet_large.onnx,CIFAR100_resnet_large_prop_idx_8452_sidx_3448_eps_0.0039.vnnlib,data/vnncomp2026/cifar100_2024/2.0/onnx/CIFAR100_resnet_large.onnx,data/vnncomp2026/cifar100_2024/2.0/vnnlib/CIFAR100_resnet_large_prop_idx_8452_sidx_3448_eps_0.0039.vnnlib
9,CIFAR100_resnet_medium.onnx,CIFAR100_resnet_medium_prop_idx_5523_sidx_8483_eps_0.0039.vnnlib,data/vnncomp2026/cifar100_2024/2.0/onnx/CIFAR100_resnet_medium.onnx,data/vnncomp2026/cifar100_2024/2.0/vnnlib/CIFAR100_resnet_medium_prop_idx_5523_sidx_8483_eps_0.0039.vnnlib
10,CIFAR100_resnet_medium.onnx,CIFAR100_resnet_medium_prop_idx_8366_sidx_3983_eps_0.0039.vnnlib,data/vnncomp2026/cifar100_2024/2.0/onnx/CIFAR100_resnet_medium.onnx,data/vnncomp2026/cifar100_2024/2.0/vnnlib/CIFAR100_resnet_medium_prop_idx_8366_sidx_3983_eps_0.0039.vnnlib
11,CIFAR100_resnet_medium.onnx,CIFAR100_resnet_medium_prop_idx_6983_sidx_607_eps_0.0039.vnnlib,data/vnncomp2026/cifar100_2024/2.0/onnx/CIFAR100_resnet_medium.onnx,data/vnncomp2026/cifar100_2024/2.0/vnnlib/CIFAR100_resnet_medium_prop_idx_6983_sidx_607_eps_0.0039.vnnlib
12,CIFAR100_resnet_medium.onnx,CIFAR100_resnet_medium_prop_idx_4275_sidx_5391_eps_0.0039.vnnlib,data/vnncomp2026/cifar100_2024/2.0/onnx/CIFAR100_resnet_medium.onnx,data/vnncomp2026/cifar100_2024/2.0/vnnlib/CIFAR100_resnet_medium_prop_idx_4275_sidx_5391_eps_0.0039.vnnlib
13,CIFAR100_resnet_large.onnx,CIFAR100_resnet_large_prop_idx_7397_sidx_9274_eps_0.0039.vnnlib,data/vnncomp2026/cifar100_2024/2.0/onnx/CIFAR100_resnet_large.onnx,data/vnncomp2026/cifar100_2024/2.0/vnnlib/CIFAR100_resnet_large_prop_idx_7397_sidx_9274_eps_0.0039.vnnlib
14,CIFAR100_resnet_medium.onnx,CIFAR100_resnet_medium_prop_idx_6108_sidx_3179_eps_0.0039.vnnlib,data/vnncomp2026/cifar100_2024/2.0/onnx/CIFAR100_resnet_medium.onnx,data/vnncomp2026/cifar100_2024/2.0/vnnlib/CIFAR100_resnet_medium_prop_idx_6108_sidx_3179_eps_0.0039.vnnlib
15,CIFAR100_resnet_large.onnx,CIFAR100_resnet_large_prop_idx_4592_sidx_7177_eps_0.0039.vnnlib,data/vnncomp2026/cifar100_2024/2.0/onnx/CIFAR100_resnet_large.onnx,data/vnncomp2026/cifar100_2024/2.0/vnnlib/CIFAR100_resnet_large_prop_idx_4592_sidx_7177_eps_0.0039.vnnlib
16,CIFAR100_resnet_medium.onnx,CIFAR100_resnet_medium_prop_idx_1728_sidx_3229_eps_0.0039.vnnlib,data/vnncomp2026/cifar100_2024/2.0/onnx/CIFAR100_resnet_medium.onnx,data/vnncomp2026/cifar100_2024/2.0/vnnlib/CIFAR100_resnet_medium_prop_idx_1728_sidx_3229_eps_0.0039.vnnlib
17,CIFAR100_resnet_medium.onnx,CIFAR100_resnet_medium_prop_idx_2711_sidx_1466_eps_0.0039.vnnlib,data/vnncomp2026/cifar100_2024/2.0/onnx/CIFAR100_resnet_medium.onnx,data/vnncomp2026/cifar100_2024/2.0/vnnlib/CIFAR100_resnet_medium_prop_idx_2711_sidx_1466_eps_0.0039.vnnlib
18,CIFAR100_resnet_medium.onnx,CIFAR100_resnet_medium_prop_idx_4829_sidx_7269_eps_0.0039.vnnlib,data/vnncomp2026/cifar100_2024/2.0/onnx/CIFAR100_resnet_medium.onnx,data/vnncomp2026/cifar100_2024/2.0/vnnlib/CIFAR100_resnet_medium_prop_idx_4829_sidx_7269_eps_0.0039.vnnlib
19,CIFAR100_resnet_medium.onnx,CIFAR100_resnet_medium_prop_idx_8629_sidx_338_eps_0.0039.vnnlib,data/vnncomp2026/cifar100_2024/2.0/onnx/CIFAR100_resnet_medium.onnx,data/vnncomp2026/cifar100_2024/2.0/vnnlib/CIFAR100_resnet_medium_prop_idx_8629_sidx_338_eps_0.0039.vnnlib
20,CIFAR100_resnet_large.onnx,CIFAR100_resnet_large_prop_idx_2852_sidx_5192_eps_0.0039.vnnlib,data/vnncomp2026/cifar100_2024/2.0/onnx/CIFAR100_resnet_large.onnx,data/vnncomp2026/cifar100_2024/2.0/vnnlib/CIFAR100_resnet_large_prop_idx_2852_sidx_5192_eps_0.0039.vnnlib
21,CIFAR100_resnet_large.onnx,CIFAR100_resnet_large_prop_idx_3002_sidx_6304_eps_0.0039.vnnlib,data/vnncomp2026/cifar100_2024/2.0/onnx/CIFAR100_resnet_large.onnx,data/vnncomp2026/cifar100_2024/2.0/vnnlib/CIFAR100_resnet_large_prop_idx_3002_sidx_6304_eps_0.0039.vnnlib
22,CIFAR100_resnet_large.onnx,CIFAR100_resnet_large_prop_idx_3580_sidx_7034_eps_0.0039.vnnlib,data/vnncomp2026/cifar100_2024/2.0/onnx/CIFAR100_resnet_large.onnx,data/vnncomp2026/cifar100_2024/2.0/vnnlib/CIFAR100_resnet_large_prop_idx_3580_sidx_7034_eps_0.0039.vnnlib
23,CIFAR100_resnet_medium.onnx,CIFAR100_resnet_medium_prop_idx_4644_sidx_2110_eps_0.0039.vnnlib,data/vnncomp2026/cifar100_2024/2.0/onnx/CIFAR100_resnet_medium.onnx,data/vnncomp2026/cifar100_2024/2.0/vnnlib/CIFAR100_resnet_medium_prop_idx_4644_sidx_2110_eps_0.0039.vnnlib
24,CIFAR100_resnet_medium.onnx,CIFAR100_resnet_medium_prop_idx_9101_sidx_2397_eps_0.0039.vnnlib,data/vnncomp2026/cifar100_2024/2.0/onnx/CIFAR100_resnet_medium.onnx,data/vnncomp2026/cifar100_2024/2.0/vnnlib/CIFAR100_resnet_medium_prop_idx_9101_sidx_2397_eps_0.0039.vnnlib
