row,onnx,vnnlib,ours_status,ours_solved,ours_time_s,vnncomp_result,vnncomp_credit,vnncomp_solved,vnncomp_time_s,outcome
0,onnx/CIFAR100_resnet_medium.onnx,vnnlib/CIFAR100_resnet_medium_prop_idx_4855_sidx_8006_eps_0.0039.vnnlib,ERROR,0,,timeout,,0,120.018445197,neither
1,onnx/CIFAR100_resnet_medium.onnx,vnnlib/CIFAR100_resnet_medium_prop_idx_8420_sidx_4285_eps_0.0039.vnnlib,ERROR,0,,timeout,,0,113.288395862,neither
2,onnx/CIFAR100_resnet_medium.onnx,vnnlib/CIFAR100_resnet_medium_prop_idx_2267_sidx_8602_eps_0.0039.vnnlib,ERROR,0,,timeout,,0,112.576743487,neither
3,onnx/CIFAR100_resnet_medium.onnx,vnnlib/CIFAR100_resnet_medium_prop_idx_5316_sidx_6884_eps_0.0039.vnnlib,ERROR,0,,timeout,,0,113.922544307,neither
4,onnx/CIFAR100_resnet_medium.onnx,vnnlib/CIFAR100_resnet_medium_prop_idx_431_sidx_7821_eps_0.0039.vnnlib,ERROR,0,,timeout,,0,109.488966809,neither
5,onnx/CIFAR100_resnet_medium.onnx,vnnlib/CIFAR100_resnet_medium_prop_idx_6919_sidx_325_eps_0.0039.vnnlib,ERROR,0,,timeout,,0,112.825679725,neither
6,onnx/CIFAR100_resnet_medium.onnx,vnnlib/CIFAR100_resnet_medium_prop_idx_2714_sidx_3569_eps_0.0039.vnnlib,ERROR,0,,timeout,,0,111.184997676,neither
7,onnx/CIFAR100_resnet_medium.onnx,vnnlib/CIFAR100_resnet_medium_prop_idx_7770_sidx_5081_eps_0.0039.vnnlib,ERROR,0,,timeout,,0,110.620209112,neither
8,onnx/CIFAR100_resnet_medium.onnx,vnnlib/CIFAR100_resnet_medium_prop_idx_7218_sidx_5543_eps_0.0039.vnnlib,ERROR,0,,timeout,,0,111.424107027,neither
9,onnx/CIFAR100_resnet_medium.onnx,vnnlib/CIFAR100_resnet_medium_prop_idx_2518_sidx_7304_eps_0.0039.vnnlib,ERROR,0,,timeout,,0,113.604604579,neither
10,onnx/CIFAR100_resnet_medium.onnx,vnnlib/CIFAR100_resnet_medium_prop_idx_6983_sidx_607_eps_0.0039.vnnlib,ERROR,0,,timeout,,0,116.388639706,neither
11,onnx/CIFAR100_resnet_medium.onnx,vnnlib/CIFAR100_resnet_medium_prop_idx_7764_sidx_254_eps_0.0039.vnnlib,ERROR,0,,timeout,,0,113.731469421,neither
12,onnx/CIFAR100_resnet_medium.onnx,vnnlib/CIFAR100_resnet_medium_prop_idx_1728_sidx_3229_eps_0.0039.vnnlib,ERROR,0,,timeout,,0,117.79711266,neither
13,onnx/CIFAR100_resnet_medium.onnx,vnnlib/CIFAR100_resnet_medium_prop_idx_4576_sidx_8179_eps_0.0039.vnnlib,ERROR,0,,timeout,,0,109.596155996,neither
14,onnx/CIFAR100_resnet_medium.onnx,vnnlib/CIFAR100_resnet_medium_prop_idx_8117_sidx_3647_eps_0.0039.vnnlib,ERROR,0,,timeout,,0,110.683946293,neither
15,onnx/CIFAR100_resnet_medium.onnx,vnnlib/CIFAR100_resnet_medium_prop_idx_1527_sidx_2130_eps_0.0039.vnnlib,ERROR,0,,timeout,,0,112.656984447,neither
16,onnx/CIFAR100_resnet_medium.onnx,vnnlib/CIFAR100_resnet_medium_prop_idx_9726_sidx_4400_eps_0.0039.vnnlib,ERROR,0,,timeout,,0,113.894286473,neither
17,onnx/CIFAR100_resnet_medium.onnx,vnnlib/CIFAR100_resnet_medium_prop_idx_1085_sidx_260_eps_0.0039.vnnlib,ERROR,0,,timeout,,0,113.07873641,neither
18,onnx/CIFAR100_resnet_medium.onnx,vnnlib/CIFAR100_resnet_medium_prop_idx_4921_sidx_3617_eps_0.0039.vnnlib,ERROR,0,,timeout,,0,113.695085419,neither
19,onnx/CIFAR100_resnet_medium.onnx,vnnlib/CIFAR100_resnet_medium_prop_idx_6636_sidx_9774_eps_0.0039.vnnlib,ERROR,0,,timeout,,0,108.573288652,neither
20,onnx/CIFAR100_resnet_medium.onnx,vnnlib/CIFAR100_resnet_medium_prop_idx_7213_sidx_4604_eps_0.0039.vnnlib,ERROR,0,,timeout,,0,116.864135822,neither
21,onnx/CIFAR100_resnet_medium.onnx,vnnlib/CIFAR100_resnet_medium_prop_idx_7466_sidx_5057_eps_0.0039.vnnlib,ERROR,0,,timeout,,0,112.577918714,neither
22,onnx/CIFAR100_resnet_medium.onnx,vnnlib/CIFAR100_resnet_medium_prop_idx_1139_sidx_7939_eps_0.0039.vnnlib,ERROR,0,,timeout,,0,110.840056113,neither
23,onnx/CIFAR100_resnet_medium.onnx,vnnlib/CIFAR100_resnet_medium_prop_idx_4644_sidx_2110_eps_0.0039.vnnlib,ERROR,0,,timeout,,0,111.609755439,neither
24,onnx/CIFAR100_resnet_medium.onnx,vnnlib/CIFAR100_resnet_medium_prop_idx_3905_sidx_6786_eps_0.0039.vnnlib,ERROR,0,,timeout,,0,111.396468974,neither
25,onnx/CIFAR100_resnet_medium.onnx,vnnlib/CIFAR100_resnet_medium_prop_idx_2409_sidx_9513_eps_0.0039.vnnlib,ERROR,0,,timeout,,0,118.705176801,neither
26,onnx/CIFAR100_resnet_medium.onnx,vnnlib/CIFAR100_resnet_medium_prop_idx_8183_sidx_8618_eps_0.0039.vnnlib,ERROR,0,,timeout,,0,143.237009293,neither
27,onnx/CIFAR100_resnet_medium.onnx,vnnlib/CIFAR100_resnet_medium_prop_idx_4829_sidx_7269_eps_0.0039.vnnlib,ERROR,0,,timeout,,0,121.397462438,neither
28,onnx/CIFAR100_resnet_medium.onnx,vnnlib/CIFAR100_resnet_medium_prop_idx_7089_sidx_5353_eps_0.0039.vnnlib,ERROR,0,,timeout,,0,148.719135937,neither
29,onnx/CIFAR100_resnet_medium.onnx,vnnlib/CIFAR100_resnet_medium_prop_idx_702_sidx_1022_eps_0.0039.vnnlib,ERROR,0,,timeout,,0,122.342826811,neither
30,onnx/CIFAR100_resnet_medium.onnx,vnnlib/CIFAR100_resnet_medium_prop_idx_4256_sidx_94_eps_0.0039.vnnlib,ERROR,0,,timeout,,0,114.586705079,neither
31,onnx/CIFAR100_resnet_medium.onnx,vnnlib/CIFAR100_resnet_medium_prop_idx_8114_sidx_3076_eps_0.0039.vnnlib,ERROR,0,,timeout,,0,150.181428861,neither
32,onnx/CIFAR100_resnet_medium.onnx,vnnlib/CIFAR100_resnet_medium_prop_idx_8279_sidx_1266_eps_0.0039.vnnlib,ERROR,0,,timeout,,0,118.648535599,neither
33,onnx/CIFAR100_resnet_medium.onnx,vnnlib/CIFAR100_resnet_medium_prop_idx_2304_sidx_7673_eps_0.0039.vnnlib,ERROR,0,,timeout,,0,142.010271713,neither
34,onnx/CIFAR100_resnet_medium.onnx,vnnlib/CIFAR100_resnet_medium_prop_idx_8502_sidx_2893_eps_0.0039.vnnlib,ERROR,0,,timeout,,0,120.315098391,neither
35,onnx/CIFAR100_resnet_medium.onnx,vnnlib/CIFAR100_resnet_medium_prop_idx_4275_sidx_5391_eps_0.0039.vnnlib,ERROR,0,,run_instance_timeout,,0,160.018815426,neither
36,onnx/CIFAR100_resnet_medium.onnx,vnnlib/CIFAR100_resnet_medium_prop_idx_5371_sidx_1200_eps_0.0039.vnnlib,ERROR,0,,timeout,,0,125.854001242,neither
37,onnx/CIFAR100_resnet_medium.onnx,vnnlib/CIFAR100_resnet_medium_prop_idx_9585_sidx_4914_eps_0.0039.vnnlib,ERROR,0,,timeout,,0,116.253987755,neither
38,onnx/CIFAR100_resnet_medium.onnx,vnnlib/CIFAR100_resnet_medium_prop_idx_1682_sidx_7308_eps_0.0039.vnnlib,ERROR,0,,timeout,,0,123.25204464,neither
39,onnx/CIFAR100_resnet_medium.onnx,vnnlib/CIFAR100_resnet_medium_prop_idx_5955_sidx_1517_eps_0.0039.vnnlib,ERROR,0,,timeout,,0,111.539949174,neither
40,onnx/CIFAR100_resnet_medium.onnx,vnnlib/CIFAR100_resnet_medium_prop_idx_1777_sidx_439_eps_0.0039.vnnlib,ERROR,0,,run_instance_timeout,,0,160.036027978,neither
41,onnx/CIFAR100_resnet_medium.onnx,vnnlib/CIFAR100_resnet_medium_prop_idx_5523_sidx_8483_eps_0.0039.vnnlib,ERROR,0,,timeout,,0,111.365502059,neither
42,onnx/CIFAR100_resnet_medium.onnx,vnnlib/CIFAR100_resnet_medium_prop_idx_1755_sidx_4411_eps_0.0039.vnnlib,ERROR,0,,timeout,,0,106.195393771,neither
43,onnx/CIFAR100_resnet_medium.onnx,vnnlib/CIFAR100_resnet_medium_prop_idx_7027_sidx_7720_eps_0.0039.vnnlib,ERROR,0,,timeout,,0,121.308428441,neither
44,onnx/CIFAR100_resnet_medium.onnx,vnnlib/CIFAR100_resnet_medium_prop_idx_5329_sidx_6773_eps_0.0039.vnnlib,ERROR,0,,timeout,,0,135.370564845,neither
45,onnx/CIFAR100_resnet_medium.onnx,vnnlib/CIFAR100_resnet_medium_prop_idx_3269_sidx_6816_eps_0.0039.vnnlib,ERROR,0,,timeout,,0,124.37798259,neither
46,onnx/CIFAR100_resnet_medium.onnx,vnnlib/CIFAR100_resnet_medium_prop_idx_2711_sidx_1466_eps_0.0039.vnnlib,ERROR,0,,timeout,,0,115.570573341,neither
47,onnx/CIFAR100_resnet_medium.onnx,vnnlib/CIFAR100_resnet_medium_prop_idx_6108_sidx_3179_eps_0.0039.vnnlib,ERROR,0,,timeout,,0,144.517138036,neither
48,onnx/CIFAR100_resnet_medium.onnx,vnnlib/CIFAR100_resnet_medium_prop_idx_3494_sidx_6936_eps_0.0039.vnnlib,ERROR,0,,timeout,,0,119.867062461,neither
49,onnx/CIFAR100_resnet_medium.onnx,vnnlib/CIFAR100_resnet_medium_prop_idx_3351_sidx_3809_eps_0.0039.vnnlib,ERROR,0,,timeout,,0,150.087911086,neither
50,onnx/CIFAR100_resnet_medium.onnx,vnnlib/CIFAR100_resnet_medium_prop_idx_148_sidx_3290_eps_0.0039.vnnlib,ERROR,0,,timeout,,0,123.095385202,neither
51,onnx/CIFAR100_resnet_medium.onnx,vnnlib/CIFAR100_resnet_medium_prop_idx_1762_sidx_2982_eps_0.0039.vnnlib,ERROR,0,,timeout,,0,108.899726719,neither
52,onnx/CIFAR100_resnet_medium.onnx,vnnlib/CIFAR100_resnet_medium_prop_idx_6631_sidx_5931_eps_0.0039.vnnlib,ERROR,0,,timeout,,0,119.477138469,neither
53,onnx/CIFAR100_resnet_medium.onnx,vnnlib/CIFAR100_resnet_medium_prop_idx_4259_sidx_275_eps_0.0039.vnnlib,ERROR,0,,timeout,,0,111.640514037,neither
54,onnx/CIFAR100_resnet_medium.onnx,vnnlib/CIFAR100_resnet_medium_prop_idx_2546_sidx_3292_eps_0.0039.vnnlib,ERROR,0,,run_instance_timeout,,0,160.048736926,neither
55,onnx/CIFAR100_resnet_medium.onnx,vnnlib/CIFAR100_resnet_medium_prop_idx_6528_sidx_5206_eps_0.0039.vnnlib,ERROR,0,,timeout,,0,122.631132352,neither
56,onnx/CIFAR100_resnet_medium.onnx,vnnlib/CIFAR100_resnet_medium_prop_idx_1910_sidx_5960_eps_0.0039.vnnlib,ERROR,0,,timeout,,0,133.914618117,neither
57,onnx/CIFAR100_resnet_medium.onnx,vnnlib/CIFAR100_resnet_medium_prop_idx_3890_sidx_8288_eps_0.0039.vnnlib,ERROR,0,,timeout,,0,118.952968505,neither
58,onnx/CIFAR100_resnet_medium.onnx,vnnlib/CIFAR100_resnet_medium_prop_idx_4444_sidx_8929_eps_0.0039.vnnlib,ERROR,0,,timeout,,0,150.711793458,neither
59,onnx/CIFAR100_resnet_medium.onnx,vnnlib/CIFAR100_resnet_medium_prop_idx_8833_sidx_1276_eps_0.0039.vnnlib,ERROR,0,,timeout,,0,118.80509903,neither
60,onnx/CIFAR100_resnet_medium.onnx,vnnlib/CIFAR100_resnet_medium_prop_idx_1602_sidx_8694_eps_0.0039.vnnlib,ERROR,0,,timeout,,0,153.602201906,neither
61,onnx/CIFAR100_resnet_medium.onnx,vnnlib/CIFAR100_resnet_medium_prop_idx_9101_sidx_2397_eps_0.0039.vnnlib,ERROR,0,,timeout,,0,123.087009318,neither
62,onnx/CIFAR100_resnet_medium.onnx,vnnlib/CIFAR100_resnet_medium_prop_idx_8208_sidx_8378_eps_0.0039.vnnlib,ERROR,0,,timeout,,0,151.664608648,neither
63,onnx/CIFAR100_resnet_medium.onnx,vnnlib/CIFAR100_resnet_medium_prop_idx_3805_sidx_6219_eps_0.0039.vnnlib,ERROR,0,,timeout,,0,129.522054106,neither
64,onnx/CIFAR100_resnet_medium.onnx,vnnlib/CIFAR100_resnet_medium_prop_idx_7965_sidx_2482_eps_0.0039.vnnlib,ERROR,0,,timeout,,0,143.426797317,neither
65,onnx/CIFAR100_resnet_medium.onnx,vnnlib/CIFAR100_resnet_medium_prop_idx_6030_sidx_7369_eps_0.0039.vnnlib,ERROR,0,,timeout,,0,120.309229338,neither
66,onnx/CIFAR100_resnet_medium.onnx,vnnlib/CIFAR100_resnet_medium_prop_idx_5123_sidx_9175_eps_0.0039.vnnlib,ERROR,0,,timeout,,0,123.360118613,neither
67,onnx/CIFAR100_resnet_medium.onnx,vnnlib/CIFAR100_resnet_medium_prop_idx_6047_sidx_2202_eps_0.0039.vnnlib,ERROR,0,,run_instance_timeout,,0,160.027816417,neither
68,onnx/CIFAR100_resnet_medium.onnx,vnnlib/CIFAR100_resnet_medium_prop_idx_8594_sidx_5815_eps_0.0039.vnnlib,ERROR,0,,timeout,,0,109.951709177,neither
69,onnx/CIFAR100_resnet_medium.onnx,vnnlib/CIFAR100_resnet_medium_prop_idx_1761_sidx_3933_eps_0.0039.vnnlib,ERROR,0,,run_instance_timeout,,0,160.026085725,neither
70,onnx/CIFAR100_resnet_medium.onnx,vnnlib/CIFAR100_resnet_medium_prop_idx_143_sidx_8839_eps_0.0039.vnnlib,ERROR,0,,timeout,,0,111.376674357,neither
71,onnx/CIFAR100_resnet_medium.onnx,vnnlib/CIFAR100_resnet_medium_prop_idx_9872_sidx_9280_eps_0.0039.vnnlib,ERROR,0,,timeout,,0,116.750967937,neither
72,onnx/CIFAR100_resnet_medium.onnx,vnnlib/CIFAR100_resnet_medium_prop_idx_6970_sidx_2728_eps_0.0039.vnnlib,ERROR,0,,timeout,,0,128.430512389,neither
73,onnx/CIFAR100_resnet_medium.onnx,vnnlib/CIFAR100_resnet_medium_prop_idx_8101_sidx_2821_eps_0.0039.vnnlib,ERROR,0,,timeout,,0,157.044718849,neither
74,onnx/CIFAR100_resnet_medium.onnx,vnnlib/CIFAR100_resnet_medium_prop_idx_3291_sidx_5013_eps_0.0039.vnnlib,ERROR,0,,timeout,,0,123.420856105,neither
75,onnx/CIFAR100_resnet_medium.onnx,vnnlib/CIFAR100_resnet_medium_prop_idx_6583_sidx_8860_eps_0.0039.vnnlib,ERROR,0,,timeout,,0,107.967494125,neither
76,onnx/CIFAR100_resnet_medium.onnx,vnnlib/CIFAR100_resnet_medium_prop_idx_4141_sidx_5393_eps_0.0039.vnnlib,ERROR,0,,timeout,,0,112.99869993,neither
77,onnx/CIFAR100_resnet_medium.onnx,vnnlib/CIFAR100_resnet_medium_prop_idx_2921_sidx_3619_eps_0.0039.vnnlib,ERROR,0,,timeout,,0,123.93182802,neither
78,onnx/CIFAR100_resnet_medium.onnx,vnnlib/CIFAR100_resnet_medium_prop_idx_955_sidx_7389_eps_0.0039.vnnlib,ERROR,0,,run_instance_timeout,,0,160.023863643,neither
79,onnx/CIFAR100_resnet_medium.onnx,vnnlib/CIFAR100_resnet_medium_prop_idx_4164_sidx_3458_eps_0.0039.vnnlib,ERROR,0,,timeout,,0,120.87664393,neither
80,onnx/CIFAR100_resnet_medium.onnx,vnnlib/CIFAR100_resnet_medium_prop_idx_4731_sidx_3010_eps_0.0039.vnnlib,ERROR,0,,timeout,,0,149.988498665,neither
81,onnx/CIFAR100_resnet_medium.onnx,vnnlib/CIFAR100_resnet_medium_prop_idx_3883_sidx_8369_eps_0.0039.vnnlib,ERROR,0,,timeout,,0,123.936389483,neither
82,onnx/CIFAR100_resnet_medium.onnx,vnnlib/CIFAR100_resnet_medium_prop_idx_8188_sidx_1723_eps_0.0039.vnnlib,ERROR,0,,timeout,,0,150.44882963,neither
83,onnx/CIFAR100_resnet_medium.onnx,vnnlib/CIFAR100_resnet_medium_prop_idx_2991_sidx_2524_eps_0.0039.vnnlib,ERROR,0,,timeout,,0,124.661552587,neither
84,onnx/CIFAR100_resnet_medium.onnx,vnnlib/CIFAR100_resnet_medium_prop_idx_546_sidx_9422_eps_0.0039.vnnlib,ERROR,0,,timeout,,0,131.489590615,neither
85,onnx/CIFAR100_resnet_medium.onnx,vnnlib/CIFAR100_resnet_medium_prop_idx_8134_sidx_6598_eps_0.0039.vnnlib,ERROR,0,,timeout,,0,124.300160707,neither
86,onnx/CIFAR100_resnet_medium.onnx,vnnlib/CIFAR100_resnet_medium_prop_idx_4470_sidx_4218_eps_0.0039.vnnlib,ERROR,0,,timeout,,0,108.007447522,neither
87,onnx/CIFAR100_resnet_medium.onnx,vnnlib/CIFAR100_resnet_medium_prop_idx_7500_sidx_40_eps_0.0039.vnnlib,ERROR,0,,timeout,,0,156.477298575,neither
88,onnx/CIFAR100_resnet_medium.onnx,vnnlib/CIFAR100_resnet_medium_prop_idx_8629_sidx_338_eps_0.0039.vnnlib,ERROR,0,,timeout,,0,112.328533784,neither
89,onnx/CIFAR100_resnet_medium.onnx,vnnlib/CIFAR100_resnet_medium_prop_idx_9655_sidx_5296_eps_0.0039.vnnlib,ERROR,0,,timeout,,0,109.001452092,neither
90,onnx/CIFAR100_resnet_medium.onnx,vnnlib/CIFAR100_resnet_medium_prop_idx_7202_sidx_1740_eps_0.0039.vnnlib,ERROR,0,,timeout,,0,118.754952895,neither
91,onnx/CIFAR100_resnet_medium.onnx,vnnlib/CIFAR100_resnet_medium_prop_idx_8366_sidx_3983_eps_0.0039.vnnlib,ERROR,0,,timeout,,0,109.136570381,neither
92,onnx/CIFAR100_resnet_medium.onnx,vnnlib/CIFAR100_resnet_medium_prop_idx_5382_sidx_4518_eps_0.0039.vnnlib,ERROR,0,,run_instance_timeout,,0,160.040881202,neither
93,onnx/CIFAR100_resnet_medium.onnx,vnnlib/CIFAR100_resnet_medium_prop_idx_2525_sidx_2978_eps_0.0039.vnnlib,ERROR,0,,timeout,,0,107.600231005,neither
94,onnx/CIFAR100_resnet_medium.onnx,vnnlib/CIFAR100_resnet_medium_prop_idx_7914_sidx_5010_eps_0.0039.vnnlib,ERROR,0,,timeout,,0,152.840974757,neither
95,onnx/CIFAR100_resnet_medium.onnx,vnnlib/CIFAR100_resnet_medium_prop_idx_6578_sidx_4058_eps_0.0039.vnnlib,ERROR,0,,timeout,,0,117.120332828,neither
96,onnx/CIFAR100_resnet_medium.onnx,vnnlib/CIFAR100_resnet_medium_prop_idx_6448_sidx_4171_eps_0.0039.vnnlib,ERROR,0,,run_instance_timeout,,0,160.06012107,neither
97,onnx/CIFAR100_resnet_medium.onnx,vnnlib/CIFAR100_resnet_medium_prop_idx_3731_sidx_4544_eps_0.0039.vnnlib,ERROR,0,,timeout,,0,130.407024461,neither
98,onnx/CIFAR100_resnet_medium.onnx,vnnlib/CIFAR100_resnet_medium_prop_idx_1798_sidx_1061_eps_0.0039.vnnlib,ERROR,0,,timeout,,0,150.350038411,neither
99,onnx/CIFAR100_resnet_medium.onnx,vnnlib/CIFAR100_resnet_medium_prop_idx_2037_sidx_8492_eps_0.0039.vnnlib,ERROR,0,,timeout,,0,122.651464107,neither
100,onnx/CIFAR100_resnet_large.onnx,vnnlib/CIFAR100_resnet_large_prop_idx_7397_sidx_9274_eps_0.0039.vnnlib,ERROR,0,,run_instance_timeout,,0,160.04807258,neither
101,onnx/CIFAR100_resnet_large.onnx,vnnlib/CIFAR100_resnet_large_prop_idx_9084_sidx_6195_eps_0.0039.vnnlib,ERROR,0,,run_instance_timeout,,0,160.009889817,neither
102,onnx/CIFAR100_resnet_large.onnx,vnnlib/CIFAR100_resnet_large_prop_idx_415_sidx_6188_eps_0.0039.vnnlib,ERROR,0,,run_instance_timeout,,0,160.033057083,neither
103,onnx/CIFAR100_resnet_large.onnx,vnnlib/CIFAR100_resnet_large_prop_idx_2441_sidx_6205_eps_0.0039.vnnlib,ERROR,0,,run_instance_timeout,,0,160.024855019,neither
104,onnx/CIFAR100_resnet_large.onnx,vnnlib/CIFAR100_resnet_large_prop_idx_518_sidx_9236_eps_0.0039.vnnlib,ERROR,0,,run_instance_timeout,,0,160.032808529,neither
105,onnx/CIFAR100_resnet_large.onnx,vnnlib/CIFAR100_resnet_large_prop_idx_426_sidx_9266_eps_0.0039.vnnlib,ERROR,0,,run_instance_timeout,,0,160.022364721,neither
106,onnx/CIFAR100_resnet_large.onnx,vnnlib/CIFAR100_resnet_large_prop_idx_1372_sidx_9800_eps_0.0039.vnnlib,ERROR,0,,run_instance_timeout,,0,160.020703048,neither
107,onnx/CIFAR100_resnet_large.onnx,vnnlib/CIFAR100_resnet_large_prop_idx_8650_sidx_4818_eps_0.0039.vnnlib,ERROR,0,,run_instance_timeout,,0,160.024420661,neither
108,onnx/CIFAR100_resnet_large.onnx,vnnlib/CIFAR100_resnet_large_prop_idx_1323_sidx_3225_eps_0.0039.vnnlib,ERROR,0,,run_instance_timeout,,0,160.045088365,neither
109,onnx/CIFAR100_resnet_large.onnx,vnnlib/CIFAR100_resnet_large_prop_idx_6945_sidx_8937_eps_0.0039.vnnlib,ERROR,0,,run_instance_timeout,,0,160.055882745,neither
110,onnx/CIFAR100_resnet_large.onnx,vnnlib/CIFAR100_resnet_large_prop_idx_675_sidx_3209_eps_0.0039.vnnlib,ERROR,0,,run_instance_timeout,,0,160.032021552,neither
111,onnx/CIFAR100_resnet_large.onnx,vnnlib/CIFAR100_resnet_large_prop_idx_1507_sidx_157_eps_0.0039.vnnlib,ERROR,0,,run_instance_timeout,,0,160.079915872,neither
112,onnx/CIFAR100_resnet_large.onnx,vnnlib/CIFAR100_resnet_large_prop_idx_9273_sidx_1655_eps_0.0039.vnnlib,ERROR,0,,run_instance_timeout,,0,160.03683478,neither
113,onnx/CIFAR100_resnet_large.onnx,vnnlib/CIFAR100_resnet_large_prop_idx_191_sidx_5326_eps_0.0039.vnnlib,ERROR,0,,run_instance_timeout,,0,160.038703278,neither
114,onnx/CIFAR100_resnet_large.onnx,vnnlib/CIFAR100_resnet_large_prop_idx_9330_sidx_2275_eps_0.0039.vnnlib,ERROR,0,,run_instance_timeout,,0,160.030124776,neither
115,onnx/CIFAR100_resnet_large.onnx,vnnlib/CIFAR100_resnet_large_prop_idx_8463_sidx_5538_eps_0.0039.vnnlib,ERROR,0,,run_instance_timeout,,0,160.03841186,neither
116,onnx/CIFAR100_resnet_large.onnx,vnnlib/CIFAR100_resnet_large_prop_idx_2491_sidx_7263_eps_0.0039.vnnlib,ERROR,0,,run_instance_timeout,,0,160.096385801,neither
117,onnx/CIFAR100_resnet_large.onnx,vnnlib/CIFAR100_resnet_large_prop_idx_8799_sidx_6095_eps_0.0039.vnnlib,ERROR,0,,run_instance_timeout,,0,160.019803938,neither
118,onnx/CIFAR100_resnet_large.onnx,vnnlib/CIFAR100_resnet_large_prop_idx_1215_sidx_6563_eps_0.0039.vnnlib,ERROR,0,,run_instance_timeout,,0,160.009336645,neither
119,onnx/CIFAR100_resnet_large.onnx,vnnlib/CIFAR100_resnet_large_prop_idx_4757_sidx_803_eps_0.0039.vnnlib,ERROR,0,,run_instance_timeout,,0,160.024760432,neither
120,onnx/CIFAR100_resnet_large.onnx,vnnlib/CIFAR100_resnet_large_prop_idx_7553_sidx_145_eps_0.0039.vnnlib,ERROR,0,,run_instance_timeout,,0,160.042275996,neither
121,onnx/CIFAR100_resnet_large.onnx,vnnlib/CIFAR100_resnet_large_prop_idx_8155_sidx_7520_eps_0.0039.vnnlib,ERROR,0,,run_instance_timeout,,0,160.020455748,neither
122,onnx/CIFAR100_resnet_large.onnx,vnnlib/CIFAR100_resnet_large_prop_idx_4877_sidx_1033_eps_0.0039.vnnlib,ERROR,0,,run_instance_timeout,,0,160.049770044,neither
123,onnx/CIFAR100_resnet_large.onnx,vnnlib/CIFAR100_resnet_large_prop_idx_3002_sidx_6304_eps_0.0039.vnnlib,ERROR,0,,run_instance_timeout,,0,160.036996558,neither
124,onnx/CIFAR100_resnet_large.onnx,vnnlib/CIFAR100_resnet_large_prop_idx_768_sidx_2735_eps_0.0039.vnnlib,ERROR,0,,run_instance_timeout,,0,160.03533871,neither
125,onnx/CIFAR100_resnet_large.onnx,vnnlib/CIFAR100_resnet_large_prop_idx_6730_sidx_7777_eps_0.0039.vnnlib,ERROR,0,,run_instance_timeout,,0,160.079738715,neither
126,onnx/CIFAR100_resnet_large.onnx,vnnlib/CIFAR100_resnet_large_prop_idx_6820_sidx_4213_eps_0.0039.vnnlib,ERROR,0,,run_instance_timeout,,0,160.009890858,neither
127,onnx/CIFAR100_resnet_large.onnx,vnnlib/CIFAR100_resnet_large_prop_idx_8715_sidx_9282_eps_0.0039.vnnlib,ERROR,0,,run_instance_timeout,,0,160.031296253,neither
128,onnx/CIFAR100_resnet_large.onnx,vnnlib/CIFAR100_resnet_large_prop_idx_1590_sidx_2858_eps_0.0039.vnnlib,ERROR,0,,run_instance_timeout,,0,160.009828942,neither
129,onnx/CIFAR100_resnet_large.onnx,vnnlib/CIFAR100_resnet_large_prop_idx_4110_sidx_6223_eps_0.0039.vnnlib,ERROR,0,,run_instance_timeout,,0,160.057807817,neither
130,onnx/CIFAR100_resnet_large.onnx,vnnlib/CIFAR100_resnet_large_prop_idx_335_sidx_5793_eps_0.0039.vnnlib,ERROR,0,,run_instance_timeout,,0,160.048179618,neither
131,onnx/CIFAR100_resnet_large.onnx,vnnlib/CIFAR100_resnet_large_prop_idx_2630_sidx_1753_eps_0.0039.vnnlib,ERROR,0,,run_instance_timeout,,0,160.04974303,neither
132,onnx/CIFAR100_resnet_large.onnx,vnnlib/CIFAR100_resnet_large_prop_idx_6098_sidx_7270_eps_0.0039.vnnlib,ERROR,0,,run_instance_timeout,,0,160.029523691,neither
133,onnx/CIFAR100_resnet_large.onnx,vnnlib/CIFAR100_resnet_large_prop_idx_1515_sidx_7413_eps_0.0039.vnnlib,ERROR,0,,run_instance_timeout,,0,160.045563155,neither
134,onnx/CIFAR100_resnet_large.onnx,vnnlib/CIFAR100_resnet_large_prop_idx_9277_sidx_8093_eps_0.0039.vnnlib,ERROR,0,,run_instance_timeout,,0,160.048526997,neither
135,onnx/CIFAR100_resnet_large.onnx,vnnlib/CIFAR100_resnet_large_prop_idx_7958_sidx_5322_eps_0.0039.vnnlib,ERROR,0,,run_instance_timeout,,0,160.018523121,neither
136,onnx/CIFAR100_resnet_large.onnx,vnnlib/CIFAR100_resnet_large_prop_idx_7827_sidx_3719_eps_0.0039.vnnlib,ERROR,0,,run_instance_timeout,,0,160.021662014,neither
137,onnx/CIFAR100_resnet_large.onnx,vnnlib/CIFAR100_resnet_large_prop_idx_8257_sidx_5574_eps_0.0039.vnnlib,ERROR,0,,run_instance_timeout,,0,160.038683828,neither
138,onnx/CIFAR100_resnet_large.onnx,vnnlib/CIFAR100_resnet_large_prop_idx_6827_sidx_2613_eps_0.0039.vnnlib,ERROR,0,,run_instance_timeout,,0,160.050794919,neither
139,onnx/CIFAR100_resnet_large.onnx,vnnlib/CIFAR100_resnet_large_prop_idx_8100_sidx_1807_eps_0.0039.vnnlib,ERROR,0,,run_instance_timeout,,0,160.021153233,neither
140,onnx/CIFAR100_resnet_large.onnx,vnnlib/CIFAR100_resnet_large_prop_idx_3188_sidx_7021_eps_0.0039.vnnlib,ERROR,0,,run_instance_timeout,,0,160.016683029,neither
141,onnx/CIFAR100_resnet_large.onnx,vnnlib/CIFAR100_resnet_large_prop_idx_4279_sidx_5930_eps_0.0039.vnnlib,ERROR,0,,run_instance_timeout,,0,160.034340066,neither
142,onnx/CIFAR100_resnet_large.onnx,vnnlib/CIFAR100_resnet_large_prop_idx_7631_sidx_4119_eps_0.0039.vnnlib,ERROR,0,,run_instance_timeout,,0,160.025889966,neither
143,onnx/CIFAR100_resnet_large.onnx,vnnlib/CIFAR100_resnet_large_prop_idx_5586_sidx_80_eps_0.0039.vnnlib,ERROR,0,,run_instance_timeout,,0,160.045776057,neither
144,onnx/CIFAR100_resnet_large.onnx,vnnlib/CIFAR100_resnet_large_prop_idx_5454_sidx_5540_eps_0.0039.vnnlib,ERROR,0,,run_instance_timeout,,0,160.022785444,neither
145,onnx/CIFAR100_resnet_large.onnx,vnnlib/CIFAR100_resnet_large_prop_idx_9214_sidx_3473_eps_0.0039.vnnlib,ERROR,0,,run_instance_timeout,,0,160.038760053,neither
146,onnx/CIFAR100_resnet_large.onnx,vnnlib/CIFAR100_resnet_large_prop_idx_7141_sidx_7900_eps_0.0039.vnnlib,ERROR,0,,run_instance_timeout,,0,160.022938771,neither
147,onnx/CIFAR100_resnet_large.onnx,vnnlib/CIFAR100_resnet_large_prop_idx_2035_sidx_8795_eps_0.0039.vnnlib,ERROR,0,,run_instance_timeout,,0,160.03952616,neither
148,onnx/CIFAR100_resnet_large.onnx,vnnlib/CIFAR100_resnet_large_prop_idx_6591_sidx_1416_eps_0.0039.vnnlib,ERROR,0,,run_instance_timeout,,0,160.020136569,neither
149,onnx/CIFAR100_resnet_large.onnx,vnnlib/CIFAR100_resnet_large_prop_idx_2302_sidx_3657_eps_0.0039.vnnlib,ERROR,0,,run_instance_timeout,,0,160.029767677,neither
150,onnx/CIFAR100_resnet_large.onnx,vnnlib/CIFAR100_resnet_large_prop_idx_7866_sidx_7980_eps_0.0039.vnnlib,ERROR,0,,run_instance_timeout,,0,160.045018805,neither
151,onnx/CIFAR100_resnet_large.onnx,vnnlib/CIFAR100_resnet_large_prop_idx_6269_sidx_6873_eps_0.0039.vnnlib,ERROR,0,,run_instance_timeout,,0,160.027329784,neither
152,onnx/CIFAR100_resnet_large.onnx,vnnlib/CIFAR100_resnet_large_prop_idx_7836_sidx_6290_eps_0.0039.vnnlib,ERROR,0,,run_instance_timeout,,0,160.03013836,neither
153,onnx/CIFAR100_resnet_large.onnx,vnnlib/CIFAR100_resnet_large_prop_idx_8439_sidx_7803_eps_0.0039.vnnlib,ERROR,0,,run_instance_timeout,,0,160.03431858,neither
154,onnx/CIFAR100_resnet_large.onnx,vnnlib/CIFAR100_resnet_large_prop_idx_8151_sidx_4251_eps_0.0039.vnnlib,ERROR,0,,run_instance_timeout,,0,160.110109026,neither
155,onnx/CIFAR100_resnet_large.onnx,vnnlib/CIFAR100_resnet_large_prop_idx_3583_sidx_611_eps_0.0039.vnnlib,ERROR,0,,run_instance_timeout,,0,160.021588782,neither
156,onnx/CIFAR100_resnet_large.onnx,vnnlib/CIFAR100_resnet_large_prop_idx_4592_sidx_7177_eps_0.0039.vnnlib,ERROR,0,,run_instance_timeout,,0,160.069973602,neither
157,onnx/CIFAR100_resnet_large.onnx,vnnlib/CIFAR100_resnet_large_prop_idx_7037_sidx_7880_eps_0.0039.vnnlib,ERROR,0,,run_instance_timeout,,0,160.025828353,neither
158,onnx/CIFAR100_resnet_large.onnx,vnnlib/CIFAR100_resnet_large_prop_idx_5425_sidx_3474_eps_0.0039.vnnlib,ERROR,0,,run_instance_timeout,,0,160.040477464,neither
159,onnx/CIFAR100_resnet_large.onnx,vnnlib/CIFAR100_resnet_large_prop_idx_9845_sidx_200_eps_0.0039.vnnlib,ERROR,0,,run_instance_timeout,,0,160.026226691,neither
160,onnx/CIFAR100_resnet_large.onnx,vnnlib/CIFAR100_resnet_large_prop_idx_3000_sidx_6447_eps_0.0039.vnnlib,ERROR,0,,run_instance_timeout,,0,160.030485264,neither
161,onnx/CIFAR100_resnet_large.onnx,vnnlib/CIFAR100_resnet_large_prop_idx_6280_sidx_9990_eps_0.0039.vnnlib,ERROR,0,,run_instance_timeout,,0,160.023995689,neither
162,onnx/CIFAR100_resnet_large.onnx,vnnlib/CIFAR100_resnet_large_prop_idx_7120_sidx_5701_eps_0.0039.vnnlib,ERROR,0,,run_instance_timeout,,0,160.028381348,neither
163,onnx/CIFAR100_resnet_large.onnx,vnnlib/CIFAR100_resnet_large_prop_idx_7974_sidx_1614_eps_0.0039.vnnlib,ERROR,0,,run_instance_timeout,,0,160.064431837,neither
164,onnx/CIFAR100_resnet_large.onnx,vnnlib/CIFAR100_resnet_large_prop_idx_3991_sidx_8049_eps_0.0039.vnnlib,ERROR,0,,run_instance_timeout,,0,160.02651626,neither
165,onnx/CIFAR100_resnet_large.onnx,vnnlib/CIFAR100_resnet_large_prop_idx_6342_sidx_7196_eps_0.0039.vnnlib,ERROR,0,,run_instance_timeout,,0,160.019223905,neither
166,onnx/CIFAR100_resnet_large.onnx,vnnlib/CIFAR100_resnet_large_prop_idx_4322_sidx_9995_eps_0.0039.vnnlib,ERROR,0,,run_instance_timeout,,0,160.036532939,neither
167,onnx/CIFAR100_resnet_large.onnx,vnnlib/CIFAR100_resnet_large_prop_idx_845_sidx_3027_eps_0.0039.vnnlib,ERROR,0,,run_instance_timeout,,0,160.022463817,neither
168,onnx/CIFAR100_resnet_large.onnx,vnnlib/CIFAR100_resnet_large_prop_idx_815_sidx_1902_eps_0.0039.vnnlib,ERROR,0,,run_instance_timeout,,0,160.028937029,neither
169,onnx/CIFAR100_resnet_large.onnx,vnnlib/CIFAR100_resnet_large_prop_idx_9417_sidx_5438_eps_0.0039.vnnlib,ERROR,0,,run_instance_timeout,,0,160.044290601,neither
170,onnx/CIFAR100_resnet_large.onnx,vnnlib/CIFAR100_resnet_large_prop_idx_3580_sidx_7034_eps_0.0039.vnnlib,ERROR,0,,run_instance_timeout,,0,160.02577562,neither
171,onnx/CIFAR100_resnet_large.onnx,vnnlib/CIFAR100_resnet_large_prop_idx_7034_sidx_4129_eps_0.0039.vnnlib,ERROR,0,,run_instance_timeout,,0,160.027453257,neither
172,onnx/CIFAR100_resnet_large.onnx,vnnlib/CIFAR100_resnet_large_prop_idx_7104_sidx_9469_eps_0.0039.vnnlib,ERROR,0,,run_instance_timeout,,0,160.062270273,neither
173,onnx/CIFAR100_resnet_large.onnx,vnnlib/CIFAR100_resnet_large_prop_idx_6983_sidx_607_eps_0.0039.vnnlib,ERROR,0,,run_instance_timeout,,0,160.027386332,neither
174,onnx/CIFAR100_resnet_large.onnx,vnnlib/CIFAR100_resnet_large_prop_idx_1105_sidx_9000_eps_0.0039.vnnlib,ERROR,0,,run_instance_timeout,,0,160.029354874,neither
175,onnx/CIFAR100_resnet_large.onnx,vnnlib/CIFAR100_resnet_large_prop_idx_9204_sidx_137_eps_0.0039.vnnlib,ERROR,0,,run_instance_timeout,,0,160.030658892,neither
176,onnx/CIFAR100_resnet_large.onnx,vnnlib/CIFAR100_resnet_large_prop_idx_1812_sidx_7967_eps_0.0039.vnnlib,ERROR,0,,run_instance_timeout,,0,160.030647858,neither
177,onnx/CIFAR100_resnet_large.onnx,vnnlib/CIFAR100_resnet_large_prop_idx_4123_sidx_5371_eps_0.0039.vnnlib,ERROR,0,,run_instance_timeout,,0,160.058891161,neither
178,onnx/CIFAR100_resnet_large.onnx,vnnlib/CIFAR100_resnet_large_prop_idx_6692_sidx_3605_eps_0.0039.vnnlib,ERROR,0,,run_instance_timeout,,0,160.038425215,neither
179,onnx/CIFAR100_resnet_large.onnx,vnnlib/CIFAR100_resnet_large_prop_idx_2002_sidx_7461_eps_0.0039.vnnlib,ERROR,0,,run_instance_timeout,,0,160.029501365,neither
180,onnx/CIFAR100_resnet_large.onnx,vnnlib/CIFAR100_resnet_large_prop_idx_1990_sidx_3901_eps_0.0039.vnnlib,ERROR,0,,run_instance_timeout,,0,160.018487648,neither
181,onnx/CIFAR100_resnet_large.onnx,vnnlib/CIFAR100_resnet_large_prop_idx_2021_sidx_2048_eps_0.0039.vnnlib,ERROR,0,,run_instance_timeout,,0,160.064656362,neither
182,onnx/CIFAR100_resnet_large.onnx,vnnlib/CIFAR100_resnet_large_prop_idx_8896_sidx_2510_eps_0.0039.vnnlib,ERROR,0,,run_instance_timeout,,0,160.03484054,neither
183,onnx/CIFAR100_resnet_large.onnx,vnnlib/CIFAR100_resnet_large_prop_idx_9227_sidx_31_eps_0.0039.vnnlib,ERROR,0,,run_instance_timeout,,0,160.043858461,neither
184,onnx/CIFAR100_resnet_large.onnx,vnnlib/CIFAR100_resnet_large_prop_idx_8452_sidx_3448_eps_0.0039.vnnlib,ERROR,0,,run_instance_timeout,,0,160.033159985,neither
185,onnx/CIFAR100_resnet_large.onnx,vnnlib/CIFAR100_resnet_large_prop_idx_1397_sidx_345_eps_0.0039.vnnlib,ERROR,0,,run_instance_timeout,,0,160.029608323,neither
186,onnx/CIFAR100_resnet_large.onnx,vnnlib/CIFAR100_resnet_large_prop_idx_7844_sidx_4140_eps_0.0039.vnnlib,ERROR,0,,run_instance_timeout,,0,160.05334294,neither
187,onnx/CIFAR100_resnet_large.onnx,vnnlib/CIFAR100_resnet_large_prop_idx_8359_sidx_9586_eps_0.0039.vnnlib,ERROR,0,,run_instance_timeout,,0,160.024038603,neither
188,onnx/CIFAR100_resnet_large.onnx,vnnlib/CIFAR100_resnet_large_prop_idx_5666_sidx_4801_eps_0.0039.vnnlib,ERROR,0,,run_instance_timeout,,0,160.117483925,neither
189,onnx/CIFAR100_resnet_large.onnx,vnnlib/CIFAR100_resnet_large_prop_idx_4650_sidx_4378_eps_0.0039.vnnlib,ERROR,0,,run_instance_timeout,,0,160.025610214,neither
190,onnx/CIFAR100_resnet_large.onnx,vnnlib/CIFAR100_resnet_large_prop_idx_2852_sidx_5192_eps_0.0039.vnnlib,ERROR,0,,run_instance_timeout,,0,160.048580644,neither
191,onnx/CIFAR100_resnet_large.onnx,vnnlib/CIFAR100_resnet_large_prop_idx_4251_sidx_1755_eps_0.0039.vnnlib,ERROR,0,,run_instance_timeout,,0,160.066222897,neither
192,onnx/CIFAR100_resnet_large.onnx,vnnlib/CIFAR100_resnet_large_prop_idx_5773_sidx_7310_eps_0.0039.vnnlib,ERROR,0,,run_instance_timeout,,0,160.023584339,neither
193,onnx/CIFAR100_resnet_large.onnx,vnnlib/CIFAR100_resnet_large_prop_idx_7291_sidx_1429_eps_0.0039.vnnlib,ERROR,0,,run_instance_timeout,,0,160.038717272,neither
194,onnx/CIFAR100_resnet_large.onnx,vnnlib/CIFAR100_resnet_large_prop_idx_1589_sidx_1914_eps_0.0039.vnnlib,ERROR,0,,run_instance_timeout,,0,160.024058661,neither
195,onnx/CIFAR100_resnet_large.onnx,vnnlib/CIFAR100_resnet_large_prop_idx_7530_sidx_5775_eps_0.0039.vnnlib,ERROR,0,,run_instance_timeout,,0,160.041248341,neither
196,onnx/CIFAR100_resnet_large.onnx,vnnlib/CIFAR100_resnet_large_prop_idx_2306_sidx_342_eps_0.0039.vnnlib,ERROR,0,,run_instance_timeout,,0,160.029431589,neither
197,onnx/CIFAR100_resnet_large.onnx,vnnlib/CIFAR100_resnet_large_prop_idx_7008_sidx_3994_eps_0.0039.vnnlib,ERROR,0,,run_instance_timeout,,0,160.035029362,neither
198,onnx/CIFAR100_resnet_large.onnx,vnnlib/CIFAR100_resnet_large_prop_idx_6771_sidx_1674_eps_0.0039.vnnlib,ERROR,0,,run_instance_timeout,,0,160.034053644,neither
199,onnx/CIFAR100_resnet_large.onnx,vnnlib/CIFAR100_resnet_large_prop_idx_4848_sidx_7070_eps_0.0039.vnnlib,ERROR,0,,run_instance_timeout,,0,160.038136217,neither
