dataset,row,onnx,vnnlib,query,result,time_sec,status,solved,timeout_s,verification_s,timeout_clock_s,wall_s,process_wall_s,over_timeout,nodes,exhausted_budget_nodes,witness_n,witness_valid,witness_valid_1e6,witness_rho,gpu_peak_mib,peak_rss_mb,runner_state,exit_code,row_config,run_id,log_path
cora_2024,0,mnist-point.onnx,mnist-img0.vnnlib,,sat,1.713377433,FALSIFIED,1,30.0,1.713377433,1.768878624,10.490466307848692,10.47,0,3,,1,True,True,0.0,44.2,1950.9,completed,0,climb_fsb,18f29ae807009d2667e7,scratch/logs/fse2026/climb_fsb/cora_2024/e1_18f29ae807009d2667e7.log
cora_2024,1,mnist-trades.onnx,mnist-img0.vnnlib,,unknown,31.899981882,UNKNOWN,0,30.0,31.899981882,31.95829617,41.65394858457148,41.6,1,6143,False,0,,,,4639.6,2028.2,completed,0,climb_fsb,b9290c4ce8aa1d051e99,scratch/logs/fse2026/climb_fsb/cora_2024/e1_b9290c4ce8aa1d051e99.log
cora_2024,2,mnist-set.onnx,mnist-img0.vnnlib,,unsat,0.55119249,CERTIFIED,1,30.0,0.55119249,0.614193266,96.85439692810178,96.82,1,1,,0,,,,30.4,1835.0,completed,0,climb_fsb,855bed252883a690d9c7,scratch/logs/fse2026/climb_fsb/cora_2024/e1_855bed252883a690d9c7.log
cora_2024,3,mnist-point.onnx,mnist-img1.vnnlib,,sat,4.421912765,FALSIFIED,1,30.0,4.421912765,4.499291012,103.71060217171907,103.69,1,3,,1,True,True,0.0,44.2,1954.2,completed,0,climb_fsb,1ec474c4df47de1aa277,scratch/logs/fse2026/climb_fsb/cora_2024/e1_1ec474c4df47de1aa277.log
cora_2024,4,mnist-trades.onnx,mnist-img1.vnnlib,,unknown,34.052205088,UNKNOWN,0,30.0,34.052205088,34.103052327,55.36551073938608,55.36,1,10239,False,0,,,,5050.9,2027.1,completed,0,climb_fsb,fda5918d6fcb1975956f,scratch/logs/fse2026/climb_fsb/cora_2024/e1_fda5918d6fcb1975956f.log
cora_2024,5,mnist-set.onnx,mnist-img1.vnnlib,,unsat,0.108068507,CERTIFIED,1,30.0,0.108068507,0.167920824,113.83845247142017,113.82,1,,,0,,,,20.0,1621.8,completed,0,climb_fsb,3c1456ef02cd5576c32a,scratch/logs/fse2026/climb_fsb/cora_2024/e1_3c1456ef02cd5576c32a.log
cora_2024,6,mnist-point.onnx,mnist-img2.vnnlib,,sat,2.301098794,FALSIFIED,1,30.0,2.301098794,2.369681012,16.59473824314773,16.57,0,31,,1,True,True,0.0,115.7,1985.4,completed,0,climb_fsb,abb610eb598a707dd993,scratch/logs/fse2026/climb_fsb/cora_2024/e1_abb610eb598a707dd993.log
cora_2024,7,mnist-trades.onnx,mnist-img2.vnnlib,,unknown,36.415586552,UNKNOWN,0,30.0,36.415586552,36.470932707,59.27112124301493,59.24,1,14335,False,0,,,,5462.2,2029.3,completed,0,climb_fsb,cfb746c1ad8faa8455c3,scratch/logs/fse2026/climb_fsb/cora_2024/e1_cfb746c1ad8faa8455c3.log
cora_2024,8,mnist-set.onnx,mnist-img2.vnnlib,,unsat,0.505077904,CERTIFIED,1,30.0,0.505077904,0.55995062,67.62900755368173,67.59,1,1,,0,,,,27.0,1821.1,completed,0,climb_fsb,6b6da70322dbcdaf20ed,scratch/logs/fse2026/climb_fsb/cora_2024/e1_6b6da70322dbcdaf20ed.log
cora_2024,9,mnist-point.onnx,mnist-img3.vnnlib,,sat,1.842563637,FALSIFIED,1,30.0,1.842563637,1.903994372,41.31009155139327,41.26,1,31,,1,True,True,0.0,115.7,2001.7,completed,0,climb_fsb,1b596fda2c3af7f0e657,scratch/logs/fse2026/climb_fsb/cora_2024/e1_1b596fda2c3af7f0e657.log
cora_2024,10,mnist-trades.onnx,mnist-img3.vnnlib,,unknown,30.106646132,UNKNOWN,0,30.0,30.106646132,30.166604804,56.06961221806705,56.05,1,9215,False,0,,,,4948.1,2022.4,completed,0,climb_fsb,24aa805b3fc8615b6304,scratch/logs/fse2026/climb_fsb/cora_2024/e1_24aa805b3fc8615b6304.log
cora_2024,11,mnist-set.onnx,mnist-img3.vnnlib,,unsat,0.45990023,CERTIFIED,1,30.0,0.45990023,0.516972981,9.088905606418848,9.06,0,1,,0,,,,26.0,1821.7,completed,0,climb_fsb,7149ebc2796d9a87277c,scratch/logs/fse2026/climb_fsb/cora_2024/e1_7149ebc2796d9a87277c.log
cora_2024,12,mnist-point.onnx,mnist-img4.vnnlib,,sat,2.933726834,FALSIFIED,1,30.0,2.933726834,2.991362952,117.1362256705761,117.1,1,7,,1,True,True,0.0,45.5,1991.9,completed,0,climb_fsb,0c1efefa4a6d878b5c33,scratch/logs/fse2026/climb_fsb/cora_2024/e1_0c1efefa4a6d878b5c33.log
cora_2024,13,mnist-trades.onnx,mnist-img4.vnnlib,,unknown,30.006625541,UNKNOWN,0,30.0,30.006625541,30.071211722,51.20916337519884,51.17,1,15359,False,0,,,,5462.2,2023.9,completed,0,climb_fsb,217040f1779e7d9e0a74,scratch/logs/fse2026/climb_fsb/cora_2024/e1_217040f1779e7d9e0a74.log
cora_2024,14,mnist-set.onnx,mnist-img4.vnnlib,,unsat,1.474019626,CERTIFIED,1,30.0,1.474019626,1.53054082,114.12871061824262,114.12,1,1,,0,,,,36.7,1824.4,completed,0,climb_fsb,ad00a469dd17c69a3f24,scratch/logs/fse2026/climb_fsb/cora_2024/e1_ad00a469dd17c69a3f24.log
cora_2024,15,mnist-point.onnx,mnist-img5.vnnlib,,sat,2.232303949,FALSIFIED,1,30.0,2.232303949,2.279323844,54.91540504619479,54.88,1,3,,1,True,True,0.0,44.2,1952.7,completed,0,climb_fsb,8050fade3447d6c64df8,scratch/logs/fse2026/climb_fsb/cora_2024/e1_8050fade3447d6c64df8.log
cora_2024,16,mnist-trades.onnx,mnist-img5.vnnlib,,unknown,37.952211019,UNKNOWN,0,30.0,37.952211019,38.021793736,78.79742941819131,78.78,1,3071,False,0,,,,3942.4,2044.4,completed,0,climb_fsb,4cf457ae79f8661df16f,scratch/logs/fse2026/climb_fsb/cora_2024/e1_4cf457ae79f8661df16f.log
cora_2024,17,mnist-set.onnx,mnist-img5.vnnlib,,unsat,0.678971292,CERTIFIED,1,30.0,0.678971292,0.737591846,47.95317258872092,47.92,1,1,,0,,,,33.9,1821.2,completed,0,climb_fsb,89689eb001756d1cd781,scratch/logs/fse2026/climb_fsb/cora_2024/e1_89689eb001756d1cd781.log
cora_2024,18,mnist-point.onnx,mnist-img6.vnnlib,,sat,5.801429624,FALSIFIED,1,30.0,5.801429624,5.854675503,105.7596166152507,105.71000000000001,1,63,,1,True,True,0.0,181.8,1990.0,completed,0,climb_fsb,32e5b70f42add0125382,scratch/logs/fse2026/climb_fsb/cora_2024/e1_32e5b70f42add0125382.log
cora_2024,19,mnist-trades.onnx,mnist-img6.vnnlib,,unknown,32.154240355,UNKNOWN,0,30.0,32.154240355,32.206398636,54.71459130384028,54.7,1,11263,False,0,,,,5153.7,2023.2,completed,0,climb_fsb,7d54cd2d50747d5b06ef,scratch/logs/fse2026/climb_fsb/cora_2024/e1_7d54cd2d50747d5b06ef.log
cora_2024,20,mnist-set.onnx,mnist-img6.vnnlib,,unsat,0.886300297,CERTIFIED,1,30.0,0.886300297,0.945247125,19.548096884042025,19.49,0,1,,0,,,,30.1,1820.7,completed,0,climb_fsb,7afc18cca695814b3684,scratch/logs/fse2026/climb_fsb/cora_2024/e1_7afc18cca695814b3684.log
cora_2024,21,mnist-point.onnx,mnist-img7.vnnlib,,sat,1.708686894,FALSIFIED,1,30.0,1.708686894,1.764304245,34.10445226356387,34.07,1,15,,1,True,True,0.0,68.9,1986.6,completed,0,climb_fsb,ebdc2433d80c09567a47,scratch/logs/fse2026/climb_fsb/cora_2024/e1_ebdc2433d80c09567a47.log
cora_2024,22,mnist-trades.onnx,mnist-img7.vnnlib,,unknown,43.301295785,UNKNOWN,0,30.0,43.301295785,43.359182747,74.60600504092872,74.58,1,2047,False,0,,,,4219.4,2023.9,completed,0,climb_fsb,beec1dc3ec7497ad02b1,scratch/logs/fse2026/climb_fsb/cora_2024/e1_beec1dc3ec7497ad02b1.log
cora_2024,23,mnist-set.onnx,mnist-img7.vnnlib,,unsat,6.072060093,CERTIFIED,1,30.0,6.072060093,6.130855547,21.959540283307433,21.93,0,81,,0,,,,107.1,2037.5,completed,0,climb_fsb,d10c255c94edc88e9245,scratch/logs/fse2026/climb_fsb/cora_2024/e1_d10c255c94edc88e9245.log
cora_2024,24,mnist-point.onnx,mnist-img8.vnnlib,,sat,1.216578482,FALSIFIED,1,30.0,1.216578482,1.270798894,14.543356260284781,14.5,0,1,,1,True,True,0.0,44.2,1825.7,completed,0,climb_fsb,e533dcb6cf3fa28d11b5,scratch/logs/fse2026/climb_fsb/cora_2024/e1_e533dcb6cf3fa28d11b5.log
cora_2024,25,mnist-trades.onnx,mnist-img8.vnnlib,,unknown,30.227920821,UNKNOWN,0,30.0,30.227920821,30.280510444,44.36455288529396,44.33,1,15359,False,0,,,,5462.2,2029.2,completed,0,climb_fsb,30914b478f02d16fd8ce,scratch/logs/fse2026/climb_fsb/cora_2024/e1_30914b478f02d16fd8ce.log
cora_2024,26,mnist-set.onnx,mnist-img8.vnnlib,,unsat,0.096909523,CERTIFIED,1,30.0,0.096909523,0.168912763,12.340321147814393,12.31,0,,,0,,,,20.0,1664.9,completed,0,climb_fsb,7aec9ee2b63c28258248,scratch/logs/fse2026/climb_fsb/cora_2024/e1_7aec9ee2b63c28258248.log
cora_2024,27,mnist-point.onnx,mnist-img9.vnnlib,,unknown,35.920794893,UNKNOWN,0,30.0,35.920794893,35.980389422,114.4938262142241,114.47999999999999,1,2047,False,0,,,,4219.4,2037.0,completed,0,climb_fsb,d277f28b50a853f76305,scratch/logs/fse2026/climb_fsb/cora_2024/e1_d277f28b50a853f76305.log
cora_2024,28,mnist-trades.onnx,mnist-img9.vnnlib,,unknown,38.356830394,UNKNOWN,0,30.0,38.356830394,38.434999958,103.00295056216419,102.97,1,2047,False,0,,,,3848.3,2015.0,completed,0,climb_fsb,c23628f06fb4fe21676c,scratch/logs/fse2026/climb_fsb/cora_2024/e1_c23628f06fb4fe21676c.log
cora_2024,29,mnist-set.onnx,mnist-img9.vnnlib,,unsat,0.104351101,CERTIFIED,1,30.0,0.104351101,0.182289558,107.77282152324915,107.72,1,,,0,,,,20.0,1664.3,completed,0,climb_fsb,f73d4de0c74633fe7c3f,scratch/logs/fse2026/climb_fsb/cora_2024/e1_f73d4de0c74633fe7c3f.log
cora_2024,30,mnist-point.onnx,mnist-img10.vnnlib,,sat,11.115571724,FALSIFIED,1,30.0,11.115571724,11.180049144,119.08596443198621,119.03999999999999,1,127,,1,True,True,0.0,193.8,2001.6,completed,0,climb_fsb,53acdc700c4ba55071d3,scratch/logs/fse2026/climb_fsb/cora_2024/e1_53acdc700c4ba55071d3.log
cora_2024,31,mnist-trades.onnx,mnist-img10.vnnlib,,unknown,33.184658961,UNKNOWN,0,30.0,33.184658961,33.251116605,110.39716514013708,110.39,1,3071,False,0,,,,3942.4,2038.3,completed,0,climb_fsb,1860ae68d324eaba825b,scratch/logs/fse2026/climb_fsb/cora_2024/e1_1860ae68d324eaba825b.log
cora_2024,32,mnist-set.onnx,mnist-img10.vnnlib,,unsat,0.612489197,CERTIFIED,1,30.0,0.612489197,0.680857813,86.9527839999646,86.93,1,1,,0,,,,37.0,1843.8,completed,0,climb_fsb,354bd7841a5532f89161,scratch/logs/fse2026/climb_fsb/cora_2024/e1_354bd7841a5532f89161.log
cora_2024,33,mnist-point.onnx,mnist-img11.vnnlib,,sat,1.992912862,FALSIFIED,1,30.0,1.992912862,2.057553073,94.8022435195744,94.75999999999999,1,7,,1,True,True,0.0,45.5,2004.0,completed,0,climb_fsb,f1f62bab95a73dd89c49,scratch/logs/fse2026/climb_fsb/cora_2024/e1_f1f62bab95a73dd89c49.log
cora_2024,34,mnist-trades.onnx,mnist-img11.vnnlib,,unknown,35.852400254,UNKNOWN,0,30.0,35.852400254,35.931546949,102.97804314084351,102.94,1,3071,False,0,,,,4331.1,2054.6,completed,0,climb_fsb,cc0f45370d7b445177fc,scratch/logs/fse2026/climb_fsb/cora_2024/e1_cc0f45370d7b445177fc.log
cora_2024,35,mnist-set.onnx,mnist-img11.vnnlib,,unsat,0.580234511,CERTIFIED,1,30.0,0.580234511,0.637778938,68.11362229287624,68.06,1,1,,0,,,,31.6,1821.7,completed,0,climb_fsb,013e82b52f928acfbc45,scratch/logs/fse2026/climb_fsb/cora_2024/e1_013e82b52f928acfbc45.log
cora_2024,36,mnist-point.onnx,mnist-img12.vnnlib,,unknown,30.813984709,UNKNOWN,0,30.0,30.813984709,30.873842057,44.2997887711972,44.28,1,6143,False,0,,,,4639.6,2036.6,completed,0,climb_fsb,eff5752f09bb0099c952,scratch/logs/fse2026/climb_fsb/cora_2024/e1_eff5752f09bb0099c952.log
cora_2024,37,mnist-trades.onnx,mnist-img12.vnnlib,,unknown,30.246075917,UNKNOWN,0,30.0,30.246075917,30.299442995,115.70129476301372,115.69,1,2047,False,0,,,,4219.4,2017.2,completed,0,climb_fsb,91f4d6415ff4ddeea284,scratch/logs/fse2026/climb_fsb/cora_2024/e1_91f4d6415ff4ddeea284.log
cora_2024,38,mnist-set.onnx,mnist-img12.vnnlib,,unsat,0.699396431,CERTIFIED,1,30.0,0.699396431,0.754416253,90.81110223196447,90.78,1,1,,0,,,,27.9,1820.3,completed,0,climb_fsb,d113fadb0be01e4d0002,scratch/logs/fse2026/climb_fsb/cora_2024/e1_d113fadb0be01e4d0002.log
cora_2024,39,mnist-point.onnx,mnist-img13.vnnlib,,sat,3.465598794,FALSIFIED,1,30.0,3.465598794,3.525004059,84.88373569771647,84.86,1,63,,1,True,True,0.0,181.8,1993.3,completed,0,climb_fsb,a832526415adc220bd44,scratch/logs/fse2026/climb_fsb/cora_2024/e1_a832526415adc220bd44.log
cora_2024,40,mnist-trades.onnx,mnist-img13.vnnlib,,unknown,30.116097234,UNKNOWN,0,30.0,30.116097234,30.168990934,54.068568816408515,54.01,1,9215,False,0,,,,4845.2,2019.8,completed,0,climb_fsb,ce466a7f4d26bba96b4e,scratch/logs/fse2026/climb_fsb/cora_2024/e1_ce466a7f4d26bba96b4e.log
cora_2024,41,mnist-set.onnx,mnist-img13.vnnlib,,unsat,0.66498852,CERTIFIED,1,30.0,0.66498852,0.723786393,97.45647888444364,97.42,1,1,,0,,,,27.8,1824.5,completed,0,climb_fsb,d3f3a629f33846b3e737,scratch/logs/fse2026/climb_fsb/cora_2024/e1_d3f3a629f33846b3e737.log
cora_2024,42,mnist-point.onnx,mnist-img14.vnnlib,,sat,2.014460057,FALSIFIED,1,30.0,2.014460057,2.069271369,93.4956812504679,93.45,1,3,,1,True,True,0.0,44.2,1955.7,completed,0,climb_fsb,76653a3222cd6bcd8524,scratch/logs/fse2026/climb_fsb/cora_2024/e1_76653a3222cd6bcd8524.log
cora_2024,43,mnist-trades.onnx,mnist-img14.vnnlib,,unknown,32.931010399,UNKNOWN,0,30.0,32.931010399,32.986959178,74.1529377438128,74.1,1,10239,False,0,,,,5050.9,2026.1,completed,0,climb_fsb,a5e40393a78a15d4e3dc,scratch/logs/fse2026/climb_fsb/cora_2024/e1_a5e40393a78a15d4e3dc.log
cora_2024,44,mnist-set.onnx,mnist-img14.vnnlib,,unsat,0.665982939,CERTIFIED,1,30.0,0.665982939,0.721366562,20.819127585738897,20.8,0,1,,0,,,,43.6,1820.7,completed,0,climb_fsb,18628929d4064e1f19bb,scratch/logs/fse2026/climb_fsb/cora_2024/e1_18628929d4064e1f19bb.log
cora_2024,45,mnist-point.onnx,mnist-img15.vnnlib,,sat,1.316202626,FALSIFIED,1,30.0,1.316202626,1.372570863,34.98842011578381,34.98,1,1,,1,True,True,0.0,44.2,1822.4,completed,0,climb_fsb,628d5947cacbbbece67f,scratch/logs/fse2026/climb_fsb/cora_2024/e1_628d5947cacbbbece67f.log
cora_2024,46,mnist-trades.onnx,mnist-img15.vnnlib,,unknown,31.001227906,UNKNOWN,0,30.0,31.001227906,31.057658844,55.89972046017647,55.85,1,11263,False,0,,,,5153.7,2022.2,completed,0,climb_fsb,af09fe098fbbe98bdbf4,scratch/logs/fse2026/climb_fsb/cora_2024/e1_af09fe098fbbe98bdbf4.log
cora_2024,47,mnist-set.onnx,mnist-img15.vnnlib,,unsat,0.501076905,CERTIFIED,1,30.0,0.501076905,0.558180513,17.071354020386934,17.03,0,1,,0,,,,37.6,1822.2,completed,0,climb_fsb,59f2e5a6a5c411d0808a,scratch/logs/fse2026/climb_fsb/cora_2024/e1_59f2e5a6a5c411d0808a.log
cora_2024,48,mnist-point.onnx,mnist-img16.vnnlib,,sat,2.305798406,FALSIFIED,1,30.0,2.305798406,2.362301262,82.01730506494641,82.0,1,7,,1,True,True,0.0,45.5,1995.2,completed,0,climb_fsb,f9e74377814d2b4f0bc1,scratch/logs/fse2026/climb_fsb/cora_2024/e1_f9e74377814d2b4f0bc1.log
cora_2024,49,mnist-trades.onnx,mnist-img16.vnnlib,,unknown,33.723943835,UNKNOWN,0,30.0,33.723943835,33.777141418,86.23327091895044,86.18,1,4095,False,0,,,,4433.9,2024.3,completed,0,climb_fsb,e95669ee3c21ecc98413,scratch/logs/fse2026/climb_fsb/cora_2024/e1_e95669ee3c21ecc98413.log
cora_2024,50,mnist-set.onnx,mnist-img16.vnnlib,,unsat,0.725138497,CERTIFIED,1,30.0,0.725138497,0.77852333,68.84675726294518,68.84,1,1,,0,,,,26.7,1823.6,completed,0,climb_fsb,926bd6b19dcd67dc5553,scratch/logs/fse2026/climb_fsb/cora_2024/e1_926bd6b19dcd67dc5553.log
cora_2024,51,mnist-point.onnx,mnist-img17.vnnlib,,sat,2.31388953,FALSIFIED,1,30.0,2.31388953,2.369671352,35.26414839178324,35.21,1,3,,1,True,True,0.0,44.2,1951.0,completed,0,climb_fsb,9ac4373c715eb9bd4e94,scratch/logs/fse2026/climb_fsb/cora_2024/e1_9ac4373c715eb9bd4e94.log
cora_2024,52,mnist-trades.onnx,mnist-img17.vnnlib,,unknown,31.213954007,UNKNOWN,0,30.0,31.213954007,31.271582128,43.89715413749218,43.85,1,13311,False,0,,,,5359.4,2024.8,completed,0,climb_fsb,71677df886731801e7dc,scratch/logs/fse2026/climb_fsb/cora_2024/e1_71677df886731801e7dc.log
cora_2024,53,mnist-set.onnx,mnist-img17.vnnlib,,unsat,0.528212875,CERTIFIED,1,30.0,0.528212875,0.600340867,40.99431328289211,40.94,1,1,,0,,,,31.1,1817.8,completed,0,climb_fsb,4b47ff0b7915c6e02ae0,scratch/logs/fse2026/climb_fsb/cora_2024/e1_4b47ff0b7915c6e02ae0.log
cora_2024,54,mnist-point.onnx,mnist-img18.vnnlib,,sat,4.263478482,FALSIFIED,1,30.0,4.263478482,4.321322281,36.58251742832363,36.55,1,15,,1,True,True,0.0,68.9,1992.0,completed,0,climb_fsb,0d05f1bd9b609f93cad8,scratch/logs/fse2026/climb_fsb/cora_2024/e1_0d05f1bd9b609f93cad8.log
cora_2024,55,mnist-trades.onnx,mnist-img18.vnnlib,,unknown,30.033790143,UNKNOWN,0,30.0,30.033790143,30.101245753,64.43770842067897,64.4,1,3071,False,0,,,,4331.1,2053.7,completed,0,climb_fsb,ea6cf396c634859cbf3e,scratch/logs/fse2026/climb_fsb/cora_2024/e1_ea6cf396c634859cbf3e.log
cora_2024,56,mnist-set.onnx,mnist-img18.vnnlib,,unsat,0.096531792,CERTIFIED,1,30.0,0.096531792,0.154225731,37.63876898959279,37.63,1,,,0,,,,20.0,1628.2,completed,0,climb_fsb,7688c03b64c6ead42d2f,scratch/logs/fse2026/climb_fsb/cora_2024/e1_7688c03b64c6ead42d2f.log
cora_2024,57,mnist-point.onnx,mnist-img19.vnnlib,,sat,3.550002137,FALSIFIED,1,30.0,3.550002137,3.609278908,43.998696906492114,43.96,1,1,,1,True,True,0.0,44.2,1828.0,completed,0,climb_fsb,006934c2d9dd9f8efe54,scratch/logs/fse2026/climb_fsb/cora_2024/e1_006934c2d9dd9f8efe54.log
cora_2024,58,mnist-trades.onnx,mnist-img19.vnnlib,,unknown,31.173949737,UNKNOWN,0,30.0,31.173949737,31.229492344,57.923519318923354,57.87,1,9215,False,0,,,,4948.1,2031.7,completed,0,climb_fsb,cc5c7e0a050280b0d95e,scratch/logs/fse2026/climb_fsb/cora_2024/e1_cc5c7e0a050280b0d95e.log
cora_2024,59,mnist-set.onnx,mnist-img19.vnnlib,,unsat,0.098911552,CERTIFIED,1,30.0,0.098911552,0.152655061,38.288318920880556,38.25,1,,,0,,,,20.0,1622.3,completed,0,climb_fsb,2e626cc519f2758f3347,scratch/logs/fse2026/climb_fsb/cora_2024/e1_2e626cc519f2758f3347.log
cora_2024,60,svhn-point.onnx,svhn-img17.vnnlib,,sat,6.6338741,FALSIFIED,1,30.0,6.6338741,6.682522964,33.383563773706555,33.36,1,1,,1,True,True,0.0,229.9,1833.1,completed,0,climb_fsb,4e7e7ffcf51abca49b85,scratch/logs/fse2026/climb_fsb/cora_2024/e1_4e7e7ffcf51abca49b85.log
cora_2024,61,svhn-trades.onnx,svhn-img17.vnnlib,,sat,0.846293263,FALSIFIED,1,30.0,0.846293263,0.892618246,37.93277849256992,37.9,1,1,,1,True,True,0.0,229.9,1834.1,completed,0,climb_fsb,0aefbd35ead26dddb1f8,scratch/logs/fse2026/climb_fsb/cora_2024/e1_0aefbd35ead26dddb1f8.log
cora_2024,62,svhn-set.onnx,svhn-img17.vnnlib,,sat,1.252765829,FALSIFIED,1,30.0,1.252765829,1.317349046,31.121275993064046,31.08,1,1,,1,True,True,0.0,229.9,1875.6,completed,0,climb_fsb,58cefde3f5c82ee49972,scratch/logs/fse2026/climb_fsb/cora_2024/e1_58cefde3f5c82ee49972.log
cora_2024,63,svhn-point.onnx,svhn-img53.vnnlib,,sat,1.31784348,FALSIFIED,1,30.0,1.31784348,1.365211595,14.292943447828293,14.26,0,1,,1,True,True,0.0,229.9,1835.8,completed,0,climb_fsb,c7ea4507bcff451a0925,scratch/logs/fse2026/climb_fsb/cora_2024/e1_c7ea4507bcff451a0925.log
cora_2024,64,svhn-trades.onnx,svhn-img53.vnnlib,,sat,1.085817851,FALSIFIED,1,30.0,1.085817851,1.135192852,17.275284577161074,17.24,0,1,,1,True,True,0.0,229.9,1830.9,completed,0,climb_fsb,be1889c5a06a5e43b1f3,scratch/logs/fse2026/climb_fsb/cora_2024/e1_be1889c5a06a5e43b1f3.log
cora_2024,65,svhn-set.onnx,svhn-img53.vnnlib,,sat,1.585264068,FALSIFIED,1,30.0,1.585264068,1.644175526,24.56369517184794,24.53,0,3,,1,True,True,0.0,229.9,1985.6,completed,0,climb_fsb,886071b98a7749612227,scratch/logs/fse2026/climb_fsb/cora_2024/e1_886071b98a7749612227.log
cora_2024,66,svhn-point.onnx,svhn-img55.vnnlib,,sat,1.390943039,FALSIFIED,1,30.0,1.390943039,1.43766463,20.46596558392048,20.42,0,1,,1,True,True,0.0,229.9,1835.7,completed,0,climb_fsb,e05288dbea6ab849cb88,scratch/logs/fse2026/climb_fsb/cora_2024/e1_e05288dbea6ab849cb88.log
cora_2024,67,svhn-trades.onnx,svhn-img55.vnnlib,,sat,1.302501719,FALSIFIED,1,30.0,1.302501719,1.350675113,23.51122047379613,23.48,0,1,,1,True,True,0.0,229.9,1832.8,completed,0,climb_fsb,278a30c8f33bba989390,scratch/logs/fse2026/climb_fsb/cora_2024/e1_278a30c8f33bba989390.log
cora_2024,68,svhn-set.onnx,svhn-img55.vnnlib,,sat,1.305189041,FALSIFIED,1,30.0,1.305189041,1.358551811,26.872030360624194,26.84,0,1,,1,True,True,0.0,229.9,1850.7,completed,0,climb_fsb,582c12c60cbc4ce1b2b2,scratch/logs/fse2026/climb_fsb/cora_2024/e1_582c12c60cbc4ce1b2b2.log
cora_2024,69,svhn-point.onnx,svhn-img84.vnnlib,,sat,1.064159904,FALSIFIED,1,30.0,1.064159904,1.112973204,23.66590747795999,23.63,0,1,,1,True,True,0.0,229.9,1831.5,completed,0,climb_fsb,93cf80c72c4afd6b081b,scratch/logs/fse2026/climb_fsb/cora_2024/e1_93cf80c72c4afd6b081b.log
cora_2024,70,svhn-trades.onnx,svhn-img84.vnnlib,,sat,1.378152378,FALSIFIED,1,30.0,1.378152378,1.434723957,26.868598576635122,26.86,0,1,,1,True,True,0.0,229.9,1856.2,completed,0,climb_fsb,8077963a6c40c7b3dd39,scratch/logs/fse2026/climb_fsb/cora_2024/e1_8077963a6c40c7b3dd39.log
cora_2024,71,svhn-set.onnx,svhn-img84.vnnlib,,sat,1.064882848,FALSIFIED,1,30.0,1.064882848,1.121115029,21.854790583252907,21.82,0,1,,1,True,True,0.0,229.9,1847.7,completed,0,climb_fsb,55f6d218832480d7b3c9,scratch/logs/fse2026/climb_fsb/cora_2024/e1_55f6d218832480d7b3c9.log
cora_2024,72,svhn-point.onnx,svhn-img121.vnnlib,,sat,1.291320013,FALSIFIED,1,30.0,1.291320013,1.337220727,25.986620349809527,25.97,0,1,,1,True,True,0.0,229.9,1834.0,completed,0,climb_fsb,20fca75211cb09b16493,scratch/logs/fse2026/climb_fsb/cora_2024/e1_20fca75211cb09b16493.log
cora_2024,73,svhn-trades.onnx,svhn-img121.vnnlib,,sat,1.283819027,FALSIFIED,1,30.0,1.283819027,1.330158997,24.220180617645383,24.21,0,1,,1,True,True,0.0,229.9,1831.2,completed,0,climb_fsb,a545023f1caa7a3326d5,scratch/logs/fse2026/climb_fsb/cora_2024/e1_a545023f1caa7a3326d5.log
cora_2024,74,svhn-set.onnx,svhn-img121.vnnlib,,sat,1.503101733,FALSIFIED,1,30.0,1.503101733,1.553985275,24.96568756364286,24.92,0,3,,1,True,True,0.0,229.9,1971.1,completed,0,climb_fsb,335c9cb663d0aa26f220,scratch/logs/fse2026/climb_fsb/cora_2024/e1_335c9cb663d0aa26f220.log
cora_2024,75,svhn-point.onnx,svhn-img181.vnnlib,,sat,1.194697626,FALSIFIED,1,30.0,1.194697626,1.249146173,26.272565010935068,26.26,0,1,,1,True,True,0.0,229.9,1847.1,completed,0,climb_fsb,c66bb7ba651a3c14d347,scratch/logs/fse2026/climb_fsb/cora_2024/e1_c66bb7ba651a3c14d347.log
cora_2024,76,svhn-trades.onnx,svhn-img181.vnnlib,,sat,1.371878991,FALSIFIED,1,30.0,1.371878991,1.419622734,28.625960560515523,28.59,0,1,,1,True,True,0.0,229.9,1833.7,completed,0,climb_fsb,1c6850d3ff1a5127b9e5,scratch/logs/fse2026/climb_fsb/cora_2024/e1_1c6850d3ff1a5127b9e5.log
cora_2024,77,svhn-set.onnx,svhn-img181.vnnlib,,sat,1.881651696,FALSIFIED,1,30.0,1.881651696,1.929521186,24.121877647936344,24.11,0,7,,1,True,True,0.0,229.9,1996.6,completed,0,climb_fsb,71410485db1a2dd75591,scratch/logs/fse2026/climb_fsb/cora_2024/e1_71410485db1a2dd75591.log
cora_2024,78,svhn-point.onnx,svhn-img343.vnnlib,,sat,1.321886035,FALSIFIED,1,30.0,1.321886035,1.370368587,25.129993373528123,25.1,0,1,,1,True,True,0.0,229.9,1837.0,completed,0,climb_fsb,c2803e6c3016dacd4490,scratch/logs/fse2026/climb_fsb/cora_2024/e1_c2803e6c3016dacd4490.log
cora_2024,79,svhn-trades.onnx,svhn-img343.vnnlib,,sat,1.046023013,FALSIFIED,1,30.0,1.046023013,1.101102116,25.66607491672039,25.62,0,1,,1,True,True,0.0,229.9,1847.4,completed,0,climb_fsb,0774fa50f4abc6ff303f,scratch/logs/fse2026/climb_fsb/cora_2024/e1_0774fa50f4abc6ff303f.log
cora_2024,80,svhn-set.onnx,svhn-img343.vnnlib,,sat,1.533943504,FALSIFIED,1,30.0,1.533943504,1.580068775,26.320165501907468,26.29,0,3,,1,True,True,0.0,229.9,1962.5,completed,0,climb_fsb,d5dc14833e70d990bae0,scratch/logs/fse2026/climb_fsb/cora_2024/e1_d5dc14833e70d990bae0.log
cora_2024,81,svhn-point.onnx,svhn-img417.vnnlib,,sat,1.261671482,FALSIFIED,1,30.0,1.261671482,1.308511462,23.670678794384003,23.64,0,1,,1,True,True,0.0,229.9,1833.4,completed,0,climb_fsb,ac69cb914a04d4012681,scratch/logs/fse2026/climb_fsb/cora_2024/e1_ac69cb914a04d4012681.log
cora_2024,82,svhn-trades.onnx,svhn-img417.vnnlib,,sat,1.324934058,FALSIFIED,1,30.0,1.324934058,1.370346326,24.314027044922113,24.26,0,1,,1,True,True,0.0,229.9,1832.8,completed,0,climb_fsb,9480ab088bacd32d8930,scratch/logs/fse2026/climb_fsb/cora_2024/e1_9480ab088bacd32d8930.log
cora_2024,83,svhn-set.onnx,svhn-img417.vnnlib,,sat,1.295926498,FALSIFIED,1,30.0,1.295926498,1.343122687,25.671344503760338,25.65,0,3,,1,True,True,0.0,229.9,1966.5,completed,0,climb_fsb,2a1dc415fcd300f67f4a,scratch/logs/fse2026/climb_fsb/cora_2024/e1_2a1dc415fcd300f67f4a.log
cora_2024,84,svhn-point.onnx,svhn-img435.vnnlib,,sat,1.259842066,FALSIFIED,1,30.0,1.259842066,1.308136929,25.321938486769795,25.27,0,1,,1,True,True,0.0,229.9,1838.3,completed,0,climb_fsb,7c7b9e18e5d8de471eb5,scratch/logs/fse2026/climb_fsb/cora_2024/e1_7c7b9e18e5d8de471eb5.log
cora_2024,85,svhn-trades.onnx,svhn-img435.vnnlib,,sat,1.014560876,FALSIFIED,1,30.0,1.014560876,1.070802027,22.914349634200335,22.87,0,1,,1,True,True,0.0,229.9,1850.0,completed,0,climb_fsb,a6fa0b0b8e4150837d2f,scratch/logs/fse2026/climb_fsb/cora_2024/e1_a6fa0b0b8e4150837d2f.log
cora_2024,86,svhn-set.onnx,svhn-img435.vnnlib,,sat,1.320251295,FALSIFIED,1,30.0,1.320251295,1.365901753,24.926196904852986,24.87,0,1,,1,True,True,0.0,229.9,1834.6,completed,0,climb_fsb,f79e223aa312c07ae1c2,scratch/logs/fse2026/climb_fsb/cora_2024/e1_f79e223aa312c07ae1c2.log
cora_2024,87,svhn-point.onnx,svhn-img509.vnnlib,,sat,1.288516611,FALSIFIED,1,30.0,1.288516611,1.34532628,27.5234552975744,27.48,0,1,,1,True,True,0.0,229.9,1858.5,completed,0,climb_fsb,7185cd695f895282aa6e,scratch/logs/fse2026/climb_fsb/cora_2024/e1_7185cd695f895282aa6e.log
cora_2024,88,svhn-trades.onnx,svhn-img509.vnnlib,,sat,1.047527518,FALSIFIED,1,30.0,1.047527518,1.096403915,22.412646183744073,22.39,0,1,,1,True,True,0.0,229.9,1835.3,completed,0,climb_fsb,879d9ed0f7d2faf08936,scratch/logs/fse2026/climb_fsb/cora_2024/e1_879d9ed0f7d2faf08936.log
cora_2024,89,svhn-set.onnx,svhn-img509.vnnlib,,sat,1.013310453,FALSIFIED,1,30.0,1.013310453,1.061207714,22.306579262018204,22.25,0,1,,1,True,True,0.0,229.9,1832.2,completed,0,climb_fsb,8aa313144853128411ed,scratch/logs/fse2026/climb_fsb/cora_2024/e1_8aa313144853128411ed.log
cora_2024,90,svhn-point.onnx,svhn-img513.vnnlib,,sat,1.527913645,FALSIFIED,1,30.0,1.527913645,1.578120237,25.01744686625898,25.01,0,3,,1,True,True,0.0,229.9,1960.1,completed,0,climb_fsb,885693da2c49cb860ccc,scratch/logs/fse2026/climb_fsb/cora_2024/e1_885693da2c49cb860ccc.log
cora_2024,91,svhn-trades.onnx,svhn-img513.vnnlib,,sat,1.291566791,FALSIFIED,1,30.0,1.291566791,1.338209227,26.268226901069283,26.24,0,1,,1,True,True,0.0,229.9,1830.3,completed,0,climb_fsb,2e540d5457b318889070,scratch/logs/fse2026/climb_fsb/cora_2024/e1_2e540d5457b318889070.log
cora_2024,92,svhn-set.onnx,svhn-img513.vnnlib,,sat,1.950462723,FALSIFIED,1,30.0,1.950462723,1.999034001,21.958564100787044,21.9,0,7,,1,True,True,0.0,229.9,2003.1,completed,0,climb_fsb,38db626d85c042be6328,scratch/logs/fse2026/climb_fsb/cora_2024/e1_38db626d85c042be6328.log
cora_2024,93,svhn-point.onnx,svhn-img539.vnnlib,,sat,1.280738434,FALSIFIED,1,30.0,1.280738434,1.327088758,22.70972278341651,22.66,0,1,,1,True,True,0.0,229.9,1830.9,completed,0,climb_fsb,5a4bebebe677f234d50b,scratch/logs/fse2026/climb_fsb/cora_2024/e1_5a4bebebe677f234d50b.log
cora_2024,94,svhn-trades.onnx,svhn-img539.vnnlib,,sat,1.084134735,FALSIFIED,1,30.0,1.084134735,1.13998628,24.21238835901022,24.17,0,1,,1,True,True,0.0,229.9,1856.9,completed,0,climb_fsb,d9d25e07dd5127d6679b,scratch/logs/fse2026/climb_fsb/cora_2024/e1_d9d25e07dd5127d6679b.log
cora_2024,95,svhn-set.onnx,svhn-img539.vnnlib,,sat,1.049818324,FALSIFIED,1,30.0,1.049818324,1.097027363,24.36624252051115,24.33,0,1,,1,True,True,0.0,229.9,1833.1,completed,0,climb_fsb,26ae7a32006f11441c02,scratch/logs/fse2026/climb_fsb/cora_2024/e1_26ae7a32006f11441c02.log
cora_2024,96,svhn-point.onnx,svhn-img572.vnnlib,,sat,1.079948444,FALSIFIED,1,30.0,1.079948444,1.128431709,23.7265360429883,23.72,0,1,,1,True,True,0.0,229.9,1833.3,completed,0,climb_fsb,9a4ff12a36c28661b455,scratch/logs/fse2026/climb_fsb/cora_2024/e1_9a4ff12a36c28661b455.log
cora_2024,97,svhn-trades.onnx,svhn-img572.vnnlib,,sat,1.23694274,FALSIFIED,1,30.0,1.23694274,1.28620334,27.119497012346983,27.08,0,1,,1,True,True,0.0,229.9,1838.3,completed,0,climb_fsb,0244fa5999d1dceb0004,scratch/logs/fse2026/climb_fsb/cora_2024/e1_0244fa5999d1dceb0004.log
cora_2024,98,svhn-set.onnx,svhn-img572.vnnlib,,sat,1.617187135,FALSIFIED,1,30.0,1.617187135,1.66300866,23.91536819189787,23.89,0,3,,1,True,True,0.0,229.9,1963.0,completed,0,climb_fsb,2a5665ab7037b96de966,scratch/logs/fse2026/climb_fsb/cora_2024/e1_2a5665ab7037b96de966.log
cora_2024,99,svhn-point.onnx,svhn-img598.vnnlib,,sat,1.235011712,FALSIFIED,1,30.0,1.235011712,1.282025732,23.31069807894528,23.28,0,1,,1,True,True,0.0,229.9,1833.2,completed,0,climb_fsb,d8919fea8111d59cd9db,scratch/logs/fse2026/climb_fsb/cora_2024/e1_d8919fea8111d59cd9db.log
cora_2024,100,svhn-trades.onnx,svhn-img598.vnnlib,,sat,1.337591067,FALSIFIED,1,30.0,1.337591067,1.384762991,23.761709190905094,23.72,0,1,,1,True,True,0.0,229.9,1834.4,completed,0,climb_fsb,4584df23db18ed6ac11c,scratch/logs/fse2026/climb_fsb/cora_2024/e1_4584df23db18ed6ac11c.log
cora_2024,101,svhn-set.onnx,svhn-img598.vnnlib,,sat,1.282927686,FALSIFIED,1,30.0,1.282927686,1.333616121,24.714087208732963,24.67,0,3,,1,True,True,0.0,229.9,1971.4,completed,0,climb_fsb,9a42a397c49f2c71d77b,scratch/logs/fse2026/climb_fsb/cora_2024/e1_9a42a397c49f2c71d77b.log
cora_2024,102,svhn-point.onnx,svhn-img645.vnnlib,,sat,1.373917183,FALSIFIED,1,30.0,1.373917183,1.418299401,22.31072990037501,22.28,0,1,,1,True,True,0.0,229.9,1832.0,completed,0,climb_fsb,fbeaa926c090078de445,scratch/logs/fse2026/climb_fsb/cora_2024/e1_fbeaa926c090078de445.log
cora_2024,103,svhn-trades.onnx,svhn-img645.vnnlib,,sat,1.280975956,FALSIFIED,1,30.0,1.280975956,1.331200112,23.066200951114297,23.03,0,1,,1,True,True,0.0,229.9,1833.4,completed,0,climb_fsb,f78e377e3eef9eb9d131,scratch/logs/fse2026/climb_fsb/cora_2024/e1_f78e377e3eef9eb9d131.log
cora_2024,104,svhn-set.onnx,svhn-img645.vnnlib,,sat,1.391285656,FALSIFIED,1,30.0,1.391285656,1.439622972,27.58049682341516,27.54,0,3,,1,True,True,0.0,229.9,1962.9,completed,0,climb_fsb,ba3399d0cd29911dba1e,scratch/logs/fse2026/climb_fsb/cora_2024/e1_ba3399d0cd29911dba1e.log
cora_2024,105,svhn-point.onnx,svhn-img710.vnnlib,,sat,1.361002389,FALSIFIED,1,30.0,1.361002389,1.40702159,24.02126832306385,23.97,0,1,,1,True,True,0.0,229.9,1836.7,completed,0,climb_fsb,8a09c8f818292972b0d4,scratch/logs/fse2026/climb_fsb/cora_2024/e1_8a09c8f818292972b0d4.log
cora_2024,106,svhn-trades.onnx,svhn-img710.vnnlib,,sat,1.256633122,FALSIFIED,1,30.0,1.256633122,1.302985771,20.109006756916642,20.06,0,1,,1,True,True,0.0,229.9,1829.8,completed,0,climb_fsb,c94847e53c4c26888939,scratch/logs/fse2026/climb_fsb/cora_2024/e1_c94847e53c4c26888939.log
cora_2024,107,svhn-set.onnx,svhn-img710.vnnlib,,sat,1.308520688,FALSIFIED,1,30.0,1.308520688,1.372909829,21.11754347383976,21.08,0,1,,1,True,True,0.0,229.9,1875.5,completed,0,climb_fsb,bd1adadc52c7c6f8a0bd,scratch/logs/fse2026/climb_fsb/cora_2024/e1_bd1adadc52c7c6f8a0bd.log
cora_2024,108,svhn-point.onnx,svhn-img726.vnnlib,,sat,1.259107595,FALSIFIED,1,30.0,1.259107595,1.305972997,20.214322553947568,20.18,0,1,,1,True,True,0.0,229.9,1831.0,completed,0,climb_fsb,fb6536be14dcaf413911,scratch/logs/fse2026/climb_fsb/cora_2024/e1_fb6536be14dcaf413911.log
cora_2024,109,svhn-trades.onnx,svhn-img726.vnnlib,,sat,1.294717159,FALSIFIED,1,30.0,1.294717159,1.34095211,20.908275300636888,20.88,0,1,,1,True,True,0.0,229.9,1832.6,completed,0,climb_fsb,e1d486b0a91a006f2ac1,scratch/logs/fse2026/climb_fsb/cora_2024/e1_e1d486b0a91a006f2ac1.log
cora_2024,110,svhn-set.onnx,svhn-img726.vnnlib,,sat,1.410881398,FALSIFIED,1,30.0,1.410881398,1.455730261,22.158172680065036,22.12,0,1,,1,True,True,0.0,229.9,1830.9,completed,0,climb_fsb,65a47d0061e93374c25a,scratch/logs/fse2026/climb_fsb/cora_2024/e1_65a47d0061e93374c25a.log
cora_2024,111,svhn-point.onnx,svhn-img761.vnnlib,,sat,1.254088599,FALSIFIED,1,30.0,1.254088599,1.303787319,22.159664314240217,22.13,0,1,,1,True,True,0.0,229.9,1834.4,completed,0,climb_fsb,78bbffcb7ad081cba2d2,scratch/logs/fse2026/climb_fsb/cora_2024/e1_78bbffcb7ad081cba2d2.log
cora_2024,112,svhn-trades.onnx,svhn-img761.vnnlib,,sat,1.273181733,FALSIFIED,1,30.0,1.273181733,1.325184284,22.270380603149533,22.24,0,1,,1,True,True,0.0,229.9,1847.2,completed,0,climb_fsb,b1a7a8f8735dd53096b2,scratch/logs/fse2026/climb_fsb/cora_2024/e1_b1a7a8f8735dd53096b2.log
cora_2024,113,svhn-set.onnx,svhn-img761.vnnlib,,sat,1.495643215,FALSIFIED,1,30.0,1.495643215,1.543824431,21.708391154184937,21.7,0,3,,1,True,True,0.0,229.9,1965.6,completed,0,climb_fsb,b0c3e1de60acc8907c5d,scratch/logs/fse2026/climb_fsb/cora_2024/e1_b0c3e1de60acc8907c5d.log
cora_2024,114,svhn-point.onnx,svhn-img969.vnnlib,,sat,1.322809458,FALSIFIED,1,30.0,1.322809458,1.372999709,20.966381955891848,20.96,0,1,,1,True,True,0.0,229.9,1835.6,completed,0,climb_fsb,8aa3496a6a62550432a2,scratch/logs/fse2026/climb_fsb/cora_2024/e1_8aa3496a6a62550432a2.log
cora_2024,115,svhn-trades.onnx,svhn-img969.vnnlib,,sat,1.341104068,FALSIFIED,1,30.0,1.341104068,1.402286576,30.276972951367497,30.23,1,1,,1,True,True,0.0,229.9,1860.4,completed,0,climb_fsb,b769449693ce266748b2,scratch/logs/fse2026/climb_fsb/cora_2024/e1_b769449693ce266748b2.log
cora_2024,116,svhn-set.onnx,svhn-img969.vnnlib,,sat,1.126409343,FALSIFIED,1,30.0,1.126409343,1.178130189,56.019641540944576,55.99,1,3,,1,True,True,0.0,229.9,1963.5,completed,0,climb_fsb,f4ed6d0af5b5bf46ae4d,scratch/logs/fse2026/climb_fsb/cora_2024/e1_f4ed6d0af5b5bf46ae4d.log
cora_2024,117,svhn-point.onnx,svhn-img1111.vnnlib,,sat,1.341908015,FALSIFIED,1,30.0,1.341908015,1.390316697,75.20311341993511,75.16,1,1,,1,True,True,0.0,229.9,1833.2,completed,0,climb_fsb,5bfc5caed107d1d93997,scratch/logs/fse2026/climb_fsb/cora_2024/e1_5bfc5caed107d1d93997.log
cora_2024,118,svhn-trades.onnx,svhn-img1111.vnnlib,,sat,1.687982392,FALSIFIED,1,30.0,1.687982392,1.743738344,76.50484537892044,76.49,1,1,,1,True,True,0.0,229.9,1835.0,completed,0,climb_fsb,5338e48acb014e08a028,scratch/logs/fse2026/climb_fsb/cora_2024/e1_5338e48acb014e08a028.log
cora_2024,119,svhn-set.onnx,svhn-img1111.vnnlib,,sat,4.509153241,FALSIFIED,1,30.0,4.509153241,4.575765871,36.38586170040071,36.35,1,3,,1,True,True,0.0,229.9,1960.4,completed,0,climb_fsb,5be92fc5bbbd775611c3,scratch/logs/fse2026/climb_fsb/cora_2024/e1_5be92fc5bbbd775611c3.log
cora_2024,120,cifar10-point.onnx,cifar10-img47.vnnlib,,sat,1.690695349,FALSIFIED,1,30.0,1.690695349,1.741660569,77.65873117744923,77.64,1,1,,1,True,True,0.0,229.9,1834.7,completed,0,climb_fsb,8b1a3670419f4313396a,scratch/logs/fse2026/climb_fsb/cora_2024/e1_8b1a3670419f4313396a.log
cora_2024,121,cifar10-trades.onnx,cifar10-img47.vnnlib,,sat,13.44253269,FALSIFIED,1,30.0,13.44253269,13.504333526,48.20840415172279,48.17,1,2047,,1,True,True,0.0,2090.8,2055.0,completed,0,climb_fsb,3c7114355e21e79c6f6a,scratch/logs/fse2026/climb_fsb/cora_2024/e1_3c7114355e21e79c6f6a.log
cora_2024,122,cifar10-set.onnx,cifar10-img47.vnnlib,,sat,1.038556254,FALSIFIED,1,30.0,1.038556254,1.08590732,41.3432237431407,41.3,1,1,,1,True,True,0.0,229.9,1834.6,completed,0,climb_fsb,b3aa8de9bf5d6686f898,scratch/logs/fse2026/climb_fsb/cora_2024/e1_b3aa8de9bf5d6686f898.log
cora_2024,123,cifar10-point.onnx,cifar10-img61.vnnlib,,sat,8.694779139,FALSIFIED,1,30.0,8.694779139,8.741485229,46.65376930870116,46.6,1,1023,,1,True,True,0.0,1058.7,2022.8,completed,0,climb_fsb,74dfad64162a95e8f355,scratch/logs/fse2026/climb_fsb/cora_2024/e1_74dfad64162a95e8f355.log
cora_2024,124,cifar10-trades.onnx,cifar10-img61.vnnlib,,unknown,30.564022787,UNKNOWN,0,30.0,30.564022787,30.6127623,69.04360827244818,68.99,1,4095,False,0,,,,4374.6,2029.6,completed,0,climb_fsb,5e388dae38029c7ab9c4,scratch/logs/fse2026/climb_fsb/cora_2024/e1_5e388dae38029c7ab9c4.log
cora_2024,125,cifar10-set.onnx,cifar10-img61.vnnlib,,sat,0.820890192,FALSIFIED,1,30.0,0.820890192,0.882897466,57.12595632299781,57.11,1,1,,1,True,True,0.0,229.9,1861.1,completed,0,climb_fsb,4225e9a1b9f57144d49c,scratch/logs/fse2026/climb_fsb/cora_2024/e1_4225e9a1b9f57144d49c.log
cora_2024,126,cifar10-point.onnx,cifar10-img78.vnnlib,,sat,1.049409846,FALSIFIED,1,30.0,1.049409846,1.096760148,32.585097938776016,32.55,1,1,,1,True,True,0.0,229.9,1833.3,completed,0,climb_fsb,b14c5cce303bd80d7f96,scratch/logs/fse2026/climb_fsb/cora_2024/e1_b14c5cce303bd80d7f96.log
cora_2024,127,cifar10-trades.onnx,cifar10-img78.vnnlib,,sat,3.763347687,FALSIFIED,1,30.0,3.763347687,3.809328048,41.14704951271415,41.14,1,63,,1,True,True,0.0,229.9,1998.9,completed,0,climb_fsb,d3db93dcc221930a7670,scratch/logs/fse2026/climb_fsb/cora_2024/e1_d3db93dcc221930a7670.log
cora_2024,128,cifar10-set.onnx,cifar10-img78.vnnlib,,unknown,30.019927064,UNKNOWN,0,30.0,30.019927064,30.0680623,54.9693194758147,54.93,1,8111,False,0,,,,1466.7,2046.4,completed,0,climb_fsb,c9903994549dd3e1af21,scratch/logs/fse2026/climb_fsb/cora_2024/e1_c9903994549dd3e1af21.log
cora_2024,129,cifar10-point.onnx,cifar10-img141.vnnlib,,sat,1.07767012,FALSIFIED,1,30.0,1.07767012,1.126996312,32.47790710255504,32.45,1,1,,1,True,True,0.0,229.9,1838.6,completed,0,climb_fsb,197b305b3a8b774cf509,scratch/logs/fse2026/climb_fsb/cora_2024/e1_197b305b3a8b774cf509.log
cora_2024,130,cifar10-trades.onnx,cifar10-img141.vnnlib,,sat,1.606279872,FALSIFIED,1,30.0,1.606279872,1.652593618,31.628843316808343,31.58,1,1,,1,True,True,0.0,229.9,1834.0,completed,0,climb_fsb,95848928ab20d745982f,scratch/logs/fse2026/climb_fsb/cora_2024/e1_95848928ab20d745982f.log
cora_2024,131,cifar10-set.onnx,cifar10-img141.vnnlib,,unsat,2.490011679,CERTIFIED,1,30.0,2.490011679,2.538848726,10.992599315941334,10.97,0,127,False,0,,,,229.9,2010.4,completed,0,climb_fsb,94c1cbe537e8b4fb3145,scratch/logs/fse2026/climb_fsb/cora_2024/e1_94c1cbe537e8b4fb3145.log
cora_2024,132,cifar10-point.onnx,cifar10-img168.vnnlib,,sat,1.070988642,FALSIFIED,1,30.0,1.070988642,1.118202018,9.634507928043604,9.6,0,1,,1,True,True,0.0,229.9,1832.8,completed,0,climb_fsb,3811a880f5a2aed663a4,scratch/logs/fse2026/climb_fsb/cora_2024/e1_3811a880f5a2aed663a4.log
cora_2024,133,cifar10-trades.onnx,cifar10-img168.vnnlib,,sat,2.956020908,FALSIFIED,1,30.0,2.956020908,3.003595985,11.536888433620334,11.49,0,1023,,1,True,True,0.0,1058.7,2008.3,completed,0,climb_fsb,4bc9e5357b2d24257c8f,scratch/logs/fse2026/climb_fsb/cora_2024/e1_4bc9e5357b2d24257c8f.log
cora_2024,134,cifar10-set.onnx,cifar10-img168.vnnlib,,unsat,4.200521627,CERTIFIED,1,30.0,4.200521627,4.249432065,12.792960599064827,12.74,0,203,False,0,,,,229.9,2002.6,completed,0,climb_fsb,b0d2855a0a7a4871bc33,scratch/logs/fse2026/climb_fsb/cora_2024/e1_b0d2855a0a7a4871bc33.log
cora_2024,135,cifar10-point.onnx,cifar10-img172.vnnlib,,sat,1.044998763,FALSIFIED,1,30.0,1.044998763,1.092738235,9.582350242882967,9.53,0,1,,1,True,True,0.0,229.9,1834.0,completed,0,climb_fsb,0b8b62086f8a3f3bceaf,scratch/logs/fse2026/climb_fsb/cora_2024/e1_0b8b62086f8a3f3bceaf.log
cora_2024,136,cifar10-trades.onnx,cifar10-img172.vnnlib,,sat,1.962862903,FALSIFIED,1,30.0,1.962862903,2.029687043,10.584678072482347,10.57,0,63,,1,True,True,0.0,229.9,1993.4,completed,0,climb_fsb,d3306698d69b7b468b96,scratch/logs/fse2026/climb_fsb/cora_2024/e1_d3306698d69b7b468b96.log
cora_2024,137,cifar10-set.onnx,cifar10-img172.vnnlib,,sat,0.911147429,FALSIFIED,1,30.0,0.911147429,0.96056335,9.582799902185798,9.55,0,1,,1,True,True,0.0,229.9,1833.1,completed,0,climb_fsb,125688a49e38fc6c184a,scratch/logs/fse2026/climb_fsb/cora_2024/e1_125688a49e38fc6c184a.log
cora_2024,138,cifar10-point.onnx,cifar10-img183.vnnlib,,sat,4.821493993,FALSIFIED,1,30.0,4.821493993,4.876830695,96.74214820377529,96.7,1,1,,1,True,True,0.0,229.9,1836.5,completed,0,climb_fsb,3119409632420699b6d9,scratch/logs/fse2026/climb_fsb/cora_2024/e1_3119409632420699b6d9.log
cora_2024,139,cifar10-trades.onnx,cifar10-img183.vnnlib,,sat,3.993401537,FALSIFIED,1,30.0,3.993401537,4.05360942,42.2903706766665,42.24,1,31,,1,True,True,0.0,229.9,2032.3,completed,0,climb_fsb,7ff03366a218216487ab,scratch/logs/fse2026/climb_fsb/cora_2024/e1_7ff03366a218216487ab.log
cora_2024,140,cifar10-set.onnx,cifar10-img183.vnnlib,,sat,3.447953187,FALSIFIED,1,30.0,3.447953187,3.491735332,43.84999695234001,43.82,1,3,,1,True,True,0.0,229.9,1966.3,completed,0,climb_fsb,424fcd1d2ab533665c5e,scratch/logs/fse2026/climb_fsb/cora_2024/e1_424fcd1d2ab533665c5e.log
cora_2024,141,cifar10-point.onnx,cifar10-img197.vnnlib,,sat,3.069765991,FALSIFIED,1,30.0,3.069765991,3.36308408,109.26438927091658,109.25,1,3,,1,True,True,0.0,229.9,1965.3,completed,0,climb_fsb,7c85c17925a2456d9a6c,scratch/logs/fse2026/climb_fsb/cora_2024/e1_7c85c17925a2456d9a6c.log
cora_2024,142,cifar10-trades.onnx,cifar10-img197.vnnlib,,sat,8.744301442,FALSIFIED,1,30.0,8.744301442,8.791191721,67.58818986266851,67.57,1,31,,1,True,True,0.0,229.9,1994.0,completed,0,climb_fsb,5fec1f0f7c885a010216,scratch/logs/fse2026/climb_fsb/cora_2024/e1_5fec1f0f7c885a010216.log
cora_2024,143,cifar10-set.onnx,cifar10-img197.vnnlib,,sat,0.771325573,FALSIFIED,1,30.0,0.771325573,0.820313189,22.406083023175597,22.39,0,1,,1,True,True,0.0,229.9,1833.9,completed,0,climb_fsb,1aa2685c2b6d91999682,scratch/logs/fse2026/climb_fsb/cora_2024/e1_1aa2685c2b6d91999682.log
cora_2024,144,cifar10-point.onnx,cifar10-img215.vnnlib,,sat,2.171376823,FALSIFIED,1,30.0,2.171376823,2.2202539,11.283826068043709,11.26,0,127,,1,True,True,0.0,229.9,1998.4,completed,0,climb_fsb,c46a1988835091a3c9c2,scratch/logs/fse2026/climb_fsb/cora_2024/e1_c46a1988835091a3c9c2.log
cora_2024,145,cifar10-trades.onnx,cifar10-img215.vnnlib,,sat,1.288909249,FALSIFIED,1,30.0,1.288909249,1.339210058,13.48952386341989,13.46,0,3,,1,True,True,0.0,229.9,1971.3,completed,0,climb_fsb,b90c2eaa683a8de953c5,scratch/logs/fse2026/climb_fsb/cora_2024/e1_b90c2eaa683a8de953c5.log
cora_2024,146,cifar10-set.onnx,cifar10-img215.vnnlib,,sat,0.938121848,FALSIFIED,1,30.0,0.938121848,0.992309405,18.29870437271893,18.26,0,1,,1,True,True,0.0,229.9,1846.8,completed,0,climb_fsb,d0cad8b2443bfea94e61,scratch/logs/fse2026/climb_fsb/cora_2024/e1_d0cad8b2443bfea94e61.log
cora_2024,147,cifar10-point.onnx,cifar10-img266.vnnlib,,unknown,31.802233225,UNKNOWN,0,30.0,31.802233225,31.864520773,59.68366435542703,59.63,1,8191,False,0,,,,5263.6,2060.8,completed,0,climb_fsb,ee86d7f6f45e8e111d31,scratch/logs/fse2026/climb_fsb/cora_2024/e1_ee86d7f6f45e8e111d31.log
cora_2024,148,cifar10-trades.onnx,cifar10-img266.vnnlib,,sat,2.423768366,FALSIFIED,1,30.0,2.423768366,2.471767483,12.039582122117281,11.99,0,127,,1,True,True,0.0,229.9,1998.0,completed,0,climb_fsb,04952e6bb1a7967e89ef,scratch/logs/fse2026/climb_fsb/cora_2024/e1_04952e6bb1a7967e89ef.log
cora_2024,149,cifar10-set.onnx,cifar10-img266.vnnlib,,sat,0.828218432,FALSIFIED,1,30.0,0.828218432,0.87845776,48.86381506547332,48.81,1,1,,1,True,True,0.0,229.9,1833.5,completed,0,climb_fsb,e7dfbaefaf61dc1303ed,scratch/logs/fse2026/climb_fsb/cora_2024/e1_e7dfbaefaf61dc1303ed.log
cora_2024,150,cifar10-point.onnx,cifar10-img306.vnnlib,,unknown,60.131709952,UNKNOWN,0,30.0,60.131709952,60.182010919,76.98581284470856,76.94,1,4095,False,0,,,,4780.8,2030.3,completed,0,climb_fsb,25055eeefbaa3404da10,scratch/logs/fse2026/climb_fsb/cora_2024/e1_25055eeefbaa3404da10.log
cora_2024,151,cifar10-trades.onnx,cifar10-img306.vnnlib,,sat,1.373458484,FALSIFIED,1,30.0,1.373458484,1.424689332,24.712508369237185,24.67,0,1,,1,True,True,0.0,229.9,1847.9,completed,0,climb_fsb,89ebcb9820cd915d837a,scratch/logs/fse2026/climb_fsb/cora_2024/e1_89ebcb9820cd915d837a.log
cora_2024,152,cifar10-set.onnx,cifar10-img306.vnnlib,,unsat,0.569418836,CERTIFIED,1,30.0,0.569418836,0.624173712,18.04872089996934,18.02,0,1,,0,,,,229.9,1837.1,completed,0,climb_fsb,52dfd54a50e687563939,scratch/logs/fse2026/climb_fsb/cora_2024/e1_52dfd54a50e687563939.log
cora_2024,153,cifar10-point.onnx,cifar10-img314.vnnlib,,sat,1.831876131,FALSIFIED,1,30.0,1.831876131,1.892901912,19.352536998689175,19.35,0,15,,1,True,True,0.0,229.9,2040.4,completed,0,climb_fsb,fb15047b2b88007e3069,scratch/logs/fse2026/climb_fsb/cora_2024/e1_fb15047b2b88007e3069.log
cora_2024,154,cifar10-trades.onnx,cifar10-img314.vnnlib,,sat,1.91930793,FALSIFIED,1,30.0,1.91930793,1.970398305,75.70881009101868,75.68,1,31,,1,True,True,0.0,229.9,2017.6,completed,0,climb_fsb,359554f3a703924782cb,scratch/logs/fse2026/climb_fsb/cora_2024/e1_359554f3a703924782cb.log
cora_2024,155,cifar10-set.onnx,cifar10-img314.vnnlib,,sat,0.783781657,FALSIFIED,1,30.0,0.783781657,0.833604852,18.652311228215694,18.62,0,1,,1,True,True,0.0,229.9,1833.7,completed,0,climb_fsb,3b59bcf400570ebac35c,scratch/logs/fse2026/climb_fsb/cora_2024/e1_3b59bcf400570ebac35c.log
cora_2024,156,cifar10-point.onnx,cifar10-img316.vnnlib,,sat,2.672133157,FALSIFIED,1,30.0,2.672133157,2.720348312,25.213453562930226,25.2,0,31,,1,True,True,0.0,229.9,1994.5,completed,0,climb_fsb,d0b78ee438ded41c5388,scratch/logs/fse2026/climb_fsb/cora_2024/e1_d0b78ee438ded41c5388.log
cora_2024,157,cifar10-trades.onnx,cifar10-img316.vnnlib,,unknown,29.983096002,UNKNOWN,0,30.0,29.983096002,30.02974635,51.963030740618706,51.94,1,11263,False,0,,,,5096.4,2034.6,completed,0,climb_fsb,291c9183fefb36bbf3bb,scratch/logs/fse2026/climb_fsb/cora_2024/e1_291c9183fefb36bbf3bb.log
cora_2024,158,cifar10-set.onnx,cifar10-img316.vnnlib,,unsat,0.54913524,CERTIFIED,1,30.0,0.54913524,0.599771172,16.59752887301147,16.56,0,1,,0,,,,229.9,1836.0,completed,0,climb_fsb,e97dacb909f38100595b,scratch/logs/fse2026/climb_fsb/cora_2024/e1_e97dacb909f38100595b.log
cora_2024,159,cifar10-point.onnx,cifar10-img320.vnnlib,,sat,5.133478247,FALSIFIED,1,30.0,5.133478247,5.190568876,20.55281708575785,20.52,0,4095,,1,True,True,0.0,4271.4,2049.5,completed,0,climb_fsb,5dc6c648d59ec79401fc,scratch/logs/fse2026/climb_fsb/cora_2024/e1_5dc6c648d59ec79401fc.log
cora_2024,160,cifar10-trades.onnx,cifar10-img320.vnnlib,,sat,1.647344161,FALSIFIED,1,30.0,1.647344161,1.695530025,32.87463938817382,32.83,1,1,,1,True,True,0.0,229.9,1831.6,completed,0,climb_fsb,274d4ec12fc5ad824cfd,scratch/logs/fse2026/climb_fsb/cora_2024/e1_274d4ec12fc5ad824cfd.log
cora_2024,161,cifar10-set.onnx,cifar10-img320.vnnlib,,sat,4.516265593,FALSIFIED,1,30.0,4.516265593,4.565688051,23.260985719040036,23.21,0,1,,1,True,True,0.0,229.9,1831.4,completed,0,climb_fsb,dc2d07aeef162134b607,scratch/logs/fse2026/climb_fsb/cora_2024/e1_dc2d07aeef162134b607.log
cora_2024,162,cifar10-point.onnx,cifar10-img321.vnnlib,,sat,1.855494002,FALSIFIED,1,30.0,1.855494002,1.912337741,16.79567630775273,16.74,0,31,,1,True,True,0.0,229.9,1996.9,completed,0,climb_fsb,ecca05abae06e1d3d2da,scratch/logs/fse2026/climb_fsb/cora_2024/e1_ecca05abae06e1d3d2da.log
cora_2024,163,cifar10-trades.onnx,cifar10-img321.vnnlib,,sat,4.50616096,FALSIFIED,1,30.0,4.50616096,4.557546608,17.3457159306854,17.34,0,127,,1,True,True,0.0,229.9,1999.6,completed,0,climb_fsb,3e9ebd4646f4887a2de3,scratch/logs/fse2026/climb_fsb/cora_2024/e1_3e9ebd4646f4887a2de3.log
cora_2024,164,cifar10-set.onnx,cifar10-img321.vnnlib,,unknown,31.139612142,UNKNOWN,0,30.0,31.139612142,31.206415936,43.59529657289386,43.55,1,7653,False,0,,,,1659.8,2048.5,completed,0,climb_fsb,7f9243cf73b0ee8c514c,scratch/logs/fse2026/climb_fsb/cora_2024/e1_7f9243cf73b0ee8c514c.log
cora_2024,165,cifar10-point.onnx,cifar10-img345.vnnlib,,sat,4.008720366,FALSIFIED,1,30.0,4.008720366,4.05562455,25.262766920030117,25.23,0,63,,1,True,True,0.0,229.9,1996.5,completed,0,climb_fsb,3d77ae92d161fd145e2a,scratch/logs/fse2026/climb_fsb/cora_2024/e1_3d77ae92d161fd145e2a.log
cora_2024,166,cifar10-trades.onnx,cifar10-img345.vnnlib,,unknown,29.966884442,UNKNOWN,0,30.0,29.966884442,30.031061281,56.2715577557683,56.26,1,33791,False,0,,,,8827.8,2042.1,completed,0,climb_fsb,3f63f17452516a405383,scratch/logs/fse2026/climb_fsb/cora_2024/e1_3f63f17452516a405383.log
cora_2024,167,cifar10-set.onnx,cifar10-img345.vnnlib,,unknown,31.677510647,UNKNOWN,0,30.0,31.677510647,31.727204947,41.2439633756876,41.22,1,5925,False,0,,,,6650.8,2053.2,completed,0,climb_fsb,16a548998426e9264b4a,scratch/logs/fse2026/climb_fsb/cora_2024/e1_16a548998426e9264b4a.log
cora_2024,168,cifar10-point.onnx,cifar10-img346.vnnlib,,sat,1.138705347,FALSIFIED,1,30.0,1.138705347,1.192916177,9.934505969285965,9.92,0,1,,1,True,True,0.0,229.9,1847.0,completed,0,climb_fsb,22d893e5139f9450e504,scratch/logs/fse2026/climb_fsb/cora_2024/e1_22d893e5139f9450e504.log
cora_2024,169,cifar10-trades.onnx,cifar10-img346.vnnlib,,unknown,35.373821808,UNKNOWN,0,30.0,35.373821808,35.423983863,76.20228059962392,76.15,1,13311,False,0,,,,5302.7,2026.2,completed,0,climb_fsb,5849d3363e3e1a355977,scratch/logs/fse2026/climb_fsb/cora_2024/e1_5849d3363e3e1a355977.log
cora_2024,170,cifar10-set.onnx,cifar10-img346.vnnlib,,unknown,31.007479917,UNKNOWN,0,30.0,31.007479917,31.058683669,46.80608587898314,46.77,1,13311,False,0,,,,5056.2,2042.6,completed,0,climb_fsb,6fc5dedefba469f4dd65,scratch/logs/fse2026/climb_fsb/cora_2024/e1_6fc5dedefba469f4dd65.log
cora_2024,171,cifar10-point.onnx,cifar10-img351.vnnlib,,sat,1.098198641,FALSIFIED,1,30.0,1.098198641,1.145520441,10.683401998132467,10.66,0,1,,1,True,True,0.0,229.9,1831.0,completed,0,climb_fsb,66573a9e3cf96975becd,scratch/logs/fse2026/climb_fsb/cora_2024/e1_66573a9e3cf96975becd.log
cora_2024,172,cifar10-trades.onnx,cifar10-img351.vnnlib,,sat,7.136324557,FALSIFIED,1,30.0,7.136324557,7.190906256,97.59528147988021,97.56,1,2047,,1,True,True,0.0,2090.8,2029.9,completed,0,climb_fsb,9766ae4c8d20338f3c6d,scratch/logs/fse2026/climb_fsb/cora_2024/e1_9766ae4c8d20338f3c6d.log
cora_2024,173,cifar10-set.onnx,cifar10-img351.vnnlib,,sat,2.156556278,FALSIFIED,1,30.0,2.156556278,2.221021775,25.46078928373754,25.42,0,31,,1,True,True,0.0,229.9,2033.2,completed,0,climb_fsb,1e16fac388711fccf911,scratch/logs/fse2026/climb_fsb/cora_2024/e1_1e16fac388711fccf911.log
cora_2024,174,cifar10-point.onnx,cifar10-img362.vnnlib,,sat,4.701909149,FALSIFIED,1,30.0,4.701909149,4.752084544,13.691209021955729,13.68,0,1,,1,True,True,0.0,229.9,1833.7,completed,0,climb_fsb,c9a677df766ca6a00893,scratch/logs/fse2026/climb_fsb/cora_2024/e1_c9a677df766ca6a00893.log
cora_2024,175,cifar10-trades.onnx,cifar10-img362.vnnlib,,unknown,31.075996971,UNKNOWN,0,30.0,31.075996971,31.125110716,68.84549842402339,68.84,1,7167,False,0,,,,5142.9,2034.2,completed,0,climb_fsb,b27e7a8b3fc9cba7e2f9,scratch/logs/fse2026/climb_fsb/cora_2024/e1_b27e7a8b3fc9cba7e2f9.log
cora_2024,176,cifar10-set.onnx,cifar10-img362.vnnlib,,unknown,30.66867266,UNKNOWN,0,30.0,30.66867266,30.71784842,80.31406733579934,80.3,1,18431,False,0,,,,5404.0,2034.1,completed,0,climb_fsb,cc1e378e797ee4974563,scratch/logs/fse2026/climb_fsb/cora_2024/e1_cc1e378e797ee4974563.log
cora_2024,177,cifar10-point.onnx,cifar10-img383.vnnlib,,sat,2.135719014,FALSIFIED,1,30.0,2.135719014,2.192082312,35.18203341588378,35.17,1,1,,1,True,True,0.0,229.9,1856.1,completed,0,climb_fsb,aa05fe0a8131df16652f,scratch/logs/fse2026/climb_fsb/cora_2024/e1_aa05fe0a8131df16652f.log
cora_2024,178,cifar10-trades.onnx,cifar10-img383.vnnlib,,sat,1.078026338,FALSIFIED,1,30.0,1.078026338,1.128388962,15.345321053639054,15.33,0,1,,1,True,True,0.0,229.9,1831.1,completed,0,climb_fsb,33e3cd0a4b30503336a1,scratch/logs/fse2026/climb_fsb/cora_2024/e1_33e3cd0a4b30503336a1.log
cora_2024,179,cifar10-set.onnx,cifar10-img383.vnnlib,,sat,1.1684046,FALSIFIED,1,30.0,1.1684046,1.218650764,33.931215953081846,33.88,1,1,,1,True,True,0.0,229.9,1836.9,completed,0,climb_fsb,6de835d0f6017caa2e90,scratch/logs/fse2026/climb_fsb/cora_2024/e1_6de835d0f6017caa2e90.log
