benchmark,onnx,vnnlib,prepare_instance_s,result,run_instance_s
cora_2024,vnncomp2026_benchmarks/benchmarks/cora_2024/1.0/onnx/mnist-point.onnx,vnncomp2026_benchmarks/benchmarks/cora_2024/1.0/vnnlib/mnist-img0.vnnlib,19.558150491,sat,5.906103857
cora_2024,vnncomp2026_benchmarks/benchmarks/cora_2024/1.0/onnx/mnist-trades.onnx,vnncomp2026_benchmarks/benchmarks/cora_2024/1.0/vnnlib/mnist-img0.vnnlib,19.250633524,timeout,38.741637816
cora_2024,vnncomp2026_benchmarks/benchmarks/cora_2024/1.0/onnx/mnist-set.onnx,vnncomp2026_benchmarks/benchmarks/cora_2024/1.0/vnnlib/mnist-img0.vnnlib,19.293314970,unsat,6.709328942
cora_2024,vnncomp2026_benchmarks/benchmarks/cora_2024/1.0/onnx/mnist-point.onnx,vnncomp2026_benchmarks/benchmarks/cora_2024/1.0/vnnlib/mnist-img1.vnnlib,19.403937468,sat,5.905210998
cora_2024,vnncomp2026_benchmarks/benchmarks/cora_2024/1.0/onnx/mnist-trades.onnx,vnncomp2026_benchmarks/benchmarks/cora_2024/1.0/vnnlib/mnist-img1.vnnlib,19.265430126,timeout,37.332320137
cora_2024,vnncomp2026_benchmarks/benchmarks/cora_2024/1.0/onnx/mnist-set.onnx,vnncomp2026_benchmarks/benchmarks/cora_2024/1.0/vnnlib/mnist-img1.vnnlib,19.266751429,unsat,6.705841943
cora_2024,vnncomp2026_benchmarks/benchmarks/cora_2024/1.0/onnx/mnist-point.onnx,vnncomp2026_benchmarks/benchmarks/cora_2024/1.0/vnnlib/mnist-img2.vnnlib,19.416685914,sat,5.900778225
cora_2024,vnncomp2026_benchmarks/benchmarks/cora_2024/1.0/onnx/mnist-trades.onnx,vnncomp2026_benchmarks/benchmarks/cora_2024/1.0/vnnlib/mnist-img2.vnnlib,19.260746221,timeout,36.756671432
cora_2024,vnncomp2026_benchmarks/benchmarks/cora_2024/1.0/onnx/mnist-set.onnx,vnncomp2026_benchmarks/benchmarks/cora_2024/1.0/vnnlib/mnist-img2.vnnlib,19.283014195,unsat,6.719073591
cora_2024,vnncomp2026_benchmarks/benchmarks/cora_2024/1.0/onnx/mnist-point.onnx,vnncomp2026_benchmarks/benchmarks/cora_2024/1.0/vnnlib/mnist-img3.vnnlib,19.406757867,sat,5.906575296
cora_2024,vnncomp2026_benchmarks/benchmarks/cora_2024/1.0/onnx/mnist-trades.onnx,vnncomp2026_benchmarks/benchmarks/cora_2024/1.0/vnnlib/mnist-img3.vnnlib,19.288797261,timeout,37.135798861
cora_2024,vnncomp2026_benchmarks/benchmarks/cora_2024/1.0/onnx/mnist-set.onnx,vnncomp2026_benchmarks/benchmarks/cora_2024/1.0/vnnlib/mnist-img3.vnnlib,19.348461630,unsat,6.699351396
cora_2024,vnncomp2026_benchmarks/benchmarks/cora_2024/1.0/onnx/mnist-point.onnx,vnncomp2026_benchmarks/benchmarks/cora_2024/1.0/vnnlib/mnist-img4.vnnlib,19.429040648,sat,5.908800173
cora_2024,vnncomp2026_benchmarks/benchmarks/cora_2024/1.0/onnx/mnist-trades.onnx,vnncomp2026_benchmarks/benchmarks/cora_2024/1.0/vnnlib/mnist-img4.vnnlib,19.228987141,timeout,38.077175654
cora_2024,vnncomp2026_benchmarks/benchmarks/cora_2024/1.0/onnx/mnist-set.onnx,vnncomp2026_benchmarks/benchmarks/cora_2024/1.0/vnnlib/mnist-img4.vnnlib,19.293061222,unsat,6.705506737
cora_2024,vnncomp2026_benchmarks/benchmarks/cora_2024/1.0/onnx/mnist-point.onnx,vnncomp2026_benchmarks/benchmarks/cora_2024/1.0/vnnlib/mnist-img5.vnnlib,19.406094176,sat,5.904015285
cora_2024,vnncomp2026_benchmarks/benchmarks/cora_2024/1.0/onnx/mnist-trades.onnx,vnncomp2026_benchmarks/benchmarks/cora_2024/1.0/vnnlib/mnist-img5.vnnlib,19.244624078,timeout,36.721113903
cora_2024,vnncomp2026_benchmarks/benchmarks/cora_2024/1.0/onnx/mnist-set.onnx,vnncomp2026_benchmarks/benchmarks/cora_2024/1.0/vnnlib/mnist-img5.vnnlib,19.337321404,unsat,6.719936599
cora_2024,vnncomp2026_benchmarks/benchmarks/cora_2024/1.0/onnx/mnist-point.onnx,vnncomp2026_benchmarks/benchmarks/cora_2024/1.0/vnnlib/mnist-img6.vnnlib,19.418340092,sat,5.908616425
cora_2024,vnncomp2026_benchmarks/benchmarks/cora_2024/1.0/onnx/mnist-trades.onnx,vnncomp2026_benchmarks/benchmarks/cora_2024/1.0/vnnlib/mnist-img6.vnnlib,19.234659909,timeout,36.943188564
cora_2024,vnncomp2026_benchmarks/benchmarks/cora_2024/1.0/onnx/mnist-set.onnx,vnncomp2026_benchmarks/benchmarks/cora_2024/1.0/vnnlib/mnist-img6.vnnlib,19.316875492,unsat,6.727159536
cora_2024,vnncomp2026_benchmarks/benchmarks/cora_2024/1.0/onnx/mnist-point.onnx,vnncomp2026_benchmarks/benchmarks/cora_2024/1.0/vnnlib/mnist-img7.vnnlib,19.419638786,sat,5.919387311
cora_2024,vnncomp2026_benchmarks/benchmarks/cora_2024/1.0/onnx/mnist-trades.onnx,vnncomp2026_benchmarks/benchmarks/cora_2024/1.0/vnnlib/mnist-img7.vnnlib,19.245766894,sat,5.924798334
cora_2024,vnncomp2026_benchmarks/benchmarks/cora_2024/1.0/onnx/mnist-set.onnx,vnncomp2026_benchmarks/benchmarks/cora_2024/1.0/vnnlib/mnist-img7.vnnlib,19.276926570,unsat,7.559211013
cora_2024,vnncomp2026_benchmarks/benchmarks/cora_2024/1.0/onnx/mnist-point.onnx,vnncomp2026_benchmarks/benchmarks/cora_2024/1.0/vnnlib/mnist-img8.vnnlib,19.459549253,sat,5.914206085
cora_2024,vnncomp2026_benchmarks/benchmarks/cora_2024/1.0/onnx/mnist-trades.onnx,vnncomp2026_benchmarks/benchmarks/cora_2024/1.0/vnnlib/mnist-img8.vnnlib,19.245068688,timeout,40.772189532
cora_2024,vnncomp2026_benchmarks/benchmarks/cora_2024/1.0/onnx/mnist-set.onnx,vnncomp2026_benchmarks/benchmarks/cora_2024/1.0/vnnlib/mnist-img8.vnnlib,19.261942993,unsat,6.715371023
cora_2024,vnncomp2026_benchmarks/benchmarks/cora_2024/1.0/onnx/mnist-point.onnx,vnncomp2026_benchmarks/benchmarks/cora_2024/1.0/vnnlib/mnist-img9.vnnlib,19.414216407,timeout,41.325727109
cora_2024,vnncomp2026_benchmarks/benchmarks/cora_2024/1.0/onnx/mnist-trades.onnx,vnncomp2026_benchmarks/benchmarks/cora_2024/1.0/vnnlib/mnist-img9.vnnlib,19.308860901,timeout,37.099241902
cora_2024,vnncomp2026_benchmarks/benchmarks/cora_2024/1.0/onnx/mnist-set.onnx,vnncomp2026_benchmarks/benchmarks/cora_2024/1.0/vnnlib/mnist-img9.vnnlib,19.391663102,unsat,6.726621925
cora_2024,vnncomp2026_benchmarks/benchmarks/cora_2024/1.0/onnx/mnist-point.onnx,vnncomp2026_benchmarks/benchmarks/cora_2024/1.0/vnnlib/mnist-img10.vnnlib,19.427197502,sat,5.913737815
cora_2024,vnncomp2026_benchmarks/benchmarks/cora_2024/1.0/onnx/mnist-trades.onnx,vnncomp2026_benchmarks/benchmarks/cora_2024/1.0/vnnlib/mnist-img10.vnnlib,19.254531512,timeout,40.885821224
cora_2024,vnncomp2026_benchmarks/benchmarks/cora_2024/1.0/onnx/mnist-set.onnx,vnncomp2026_benchmarks/benchmarks/cora_2024/1.0/vnnlib/mnist-img10.vnnlib,19.278119966,unsat,6.716246335
cora_2024,vnncomp2026_benchmarks/benchmarks/cora_2024/1.0/onnx/mnist-point.onnx,vnncomp2026_benchmarks/benchmarks/cora_2024/1.0/vnnlib/mnist-img11.vnnlib,19.405190578,sat,5.904348546
cora_2024,vnncomp2026_benchmarks/benchmarks/cora_2024/1.0/onnx/mnist-trades.onnx,vnncomp2026_benchmarks/benchmarks/cora_2024/1.0/vnnlib/mnist-img11.vnnlib,19.246385645,timeout,40.672220154
cora_2024,vnncomp2026_benchmarks/benchmarks/cora_2024/1.0/onnx/mnist-set.onnx,vnncomp2026_benchmarks/benchmarks/cora_2024/1.0/vnnlib/mnist-img11.vnnlib,19.345576452,unsat,6.726859719
cora_2024,vnncomp2026_benchmarks/benchmarks/cora_2024/1.0/onnx/mnist-point.onnx,vnncomp2026_benchmarks/benchmarks/cora_2024/1.0/vnnlib/mnist-img12.vnnlib,19.431955368,timeout,38.778975645
cora_2024,vnncomp2026_benchmarks/benchmarks/cora_2024/1.0/onnx/mnist-trades.onnx,vnncomp2026_benchmarks/benchmarks/cora_2024/1.0/vnnlib/mnist-img12.vnnlib,19.256486232,timeout,37.209703546
cora_2024,vnncomp2026_benchmarks/benchmarks/cora_2024/1.0/onnx/mnist-set.onnx,vnncomp2026_benchmarks/benchmarks/cora_2024/1.0/vnnlib/mnist-img12.vnnlib,19.359093626,unsat,6.711422074
cora_2024,vnncomp2026_benchmarks/benchmarks/cora_2024/1.0/onnx/mnist-point.onnx,vnncomp2026_benchmarks/benchmarks/cora_2024/1.0/vnnlib/mnist-img13.vnnlib,19.408770953,sat,5.904028876
cora_2024,vnncomp2026_benchmarks/benchmarks/cora_2024/1.0/onnx/mnist-trades.onnx,vnncomp2026_benchmarks/benchmarks/cora_2024/1.0/vnnlib/mnist-img13.vnnlib,19.260798833,timeout,37.202327539
cora_2024,vnncomp2026_benchmarks/benchmarks/cora_2024/1.0/onnx/mnist-set.onnx,vnncomp2026_benchmarks/benchmarks/cora_2024/1.0/vnnlib/mnist-img13.vnnlib,19.312151645,unsat,6.723983190
cora_2024,vnncomp2026_benchmarks/benchmarks/cora_2024/1.0/onnx/mnist-point.onnx,vnncomp2026_benchmarks/benchmarks/cora_2024/1.0/vnnlib/mnist-img14.vnnlib,19.390182460,sat,5.912912050
cora_2024,vnncomp2026_benchmarks/benchmarks/cora_2024/1.0/onnx/mnist-trades.onnx,vnncomp2026_benchmarks/benchmarks/cora_2024/1.0/vnnlib/mnist-img14.vnnlib,19.250399314,timeout,36.819424365
cora_2024,vnncomp2026_benchmarks/benchmarks/cora_2024/1.0/onnx/mnist-set.onnx,vnncomp2026_benchmarks/benchmarks/cora_2024/1.0/vnnlib/mnist-img14.vnnlib,19.281347958,unsat,6.715893929
cora_2024,vnncomp2026_benchmarks/benchmarks/cora_2024/1.0/onnx/mnist-point.onnx,vnncomp2026_benchmarks/benchmarks/cora_2024/1.0/vnnlib/mnist-img15.vnnlib,19.406958368,sat,5.911757269
cora_2024,vnncomp2026_benchmarks/benchmarks/cora_2024/1.0/onnx/mnist-trades.onnx,vnncomp2026_benchmarks/benchmarks/cora_2024/1.0/vnnlib/mnist-img15.vnnlib,19.274835061,timeout,40.384095359
cora_2024,vnncomp2026_benchmarks/benchmarks/cora_2024/1.0/onnx/mnist-set.onnx,vnncomp2026_benchmarks/benchmarks/cora_2024/1.0/vnnlib/mnist-img15.vnnlib,19.295331787,unsat,6.722505343
cora_2024,vnncomp2026_benchmarks/benchmarks/cora_2024/1.0/onnx/mnist-point.onnx,vnncomp2026_benchmarks/benchmarks/cora_2024/1.0/vnnlib/mnist-img16.vnnlib,19.412048460,sat,5.913213788
cora_2024,vnncomp2026_benchmarks/benchmarks/cora_2024/1.0/onnx/mnist-trades.onnx,vnncomp2026_benchmarks/benchmarks/cora_2024/1.0/vnnlib/mnist-img16.vnnlib,19.234991929,timeout,42.102371885
cora_2024,vnncomp2026_benchmarks/benchmarks/cora_2024/1.0/onnx/mnist-set.onnx,vnncomp2026_benchmarks/benchmarks/cora_2024/1.0/vnnlib/mnist-img16.vnnlib,19.354734914,unsat,6.725797500
cora_2024,vnncomp2026_benchmarks/benchmarks/cora_2024/1.0/onnx/mnist-point.onnx,vnncomp2026_benchmarks/benchmarks/cora_2024/1.0/vnnlib/mnist-img17.vnnlib,19.427495983,sat,5.924488898
cora_2024,vnncomp2026_benchmarks/benchmarks/cora_2024/1.0/onnx/mnist-trades.onnx,vnncomp2026_benchmarks/benchmarks/cora_2024/1.0/vnnlib/mnist-img17.vnnlib,19.263262139,timeout,37.654178170
cora_2024,vnncomp2026_benchmarks/benchmarks/cora_2024/1.0/onnx/mnist-set.onnx,vnncomp2026_benchmarks/benchmarks/cora_2024/1.0/vnnlib/mnist-img17.vnnlib,19.296542747,unsat,6.712001524
cora_2024,vnncomp2026_benchmarks/benchmarks/cora_2024/1.0/onnx/mnist-point.onnx,vnncomp2026_benchmarks/benchmarks/cora_2024/1.0/vnnlib/mnist-img18.vnnlib,19.425126809,sat,5.903251182
cora_2024,vnncomp2026_benchmarks/benchmarks/cora_2024/1.0/onnx/mnist-trades.onnx,vnncomp2026_benchmarks/benchmarks/cora_2024/1.0/vnnlib/mnist-img18.vnnlib,19.255715008,timeout,37.491621766
cora_2024,vnncomp2026_benchmarks/benchmarks/cora_2024/1.0/onnx/mnist-set.onnx,vnncomp2026_benchmarks/benchmarks/cora_2024/1.0/vnnlib/mnist-img18.vnnlib,19.383550794,unsat,6.701400628
cora_2024,vnncomp2026_benchmarks/benchmarks/cora_2024/1.0/onnx/mnist-point.onnx,vnncomp2026_benchmarks/benchmarks/cora_2024/1.0/vnnlib/mnist-img19.vnnlib,19.373424265,sat,5.873919811
cora_2024,vnncomp2026_benchmarks/benchmarks/cora_2024/1.0/onnx/mnist-trades.onnx,vnncomp2026_benchmarks/benchmarks/cora_2024/1.0/vnnlib/mnist-img19.vnnlib,19.266143336,timeout,41.717595449
cora_2024,vnncomp2026_benchmarks/benchmarks/cora_2024/1.0/onnx/mnist-set.onnx,vnncomp2026_benchmarks/benchmarks/cora_2024/1.0/vnnlib/mnist-img19.vnnlib,19.299447263,unsat,6.723724548
cora_2024,vnncomp2026_benchmarks/benchmarks/cora_2024/1.0/onnx/svhn-point.onnx,vnncomp2026_benchmarks/benchmarks/cora_2024/1.0/vnnlib/svhn-img17.vnnlib,19.514125583,sat,5.906984933
cora_2024,vnncomp2026_benchmarks/benchmarks/cora_2024/1.0/onnx/svhn-trades.onnx,vnncomp2026_benchmarks/benchmarks/cora_2024/1.0/vnnlib/svhn-img17.vnnlib,19.285927393,sat,5.899281867
cora_2024,vnncomp2026_benchmarks/benchmarks/cora_2024/1.0/onnx/svhn-set.onnx,vnncomp2026_benchmarks/benchmarks/cora_2024/1.0/vnnlib/svhn-img17.vnnlib,19.264135731,sat,5.939807534
cora_2024,vnncomp2026_benchmarks/benchmarks/cora_2024/1.0/onnx/svhn-point.onnx,vnncomp2026_benchmarks/benchmarks/cora_2024/1.0/vnnlib/svhn-img53.vnnlib,19.492435090,sat,5.907772598
cora_2024,vnncomp2026_benchmarks/benchmarks/cora_2024/1.0/onnx/svhn-trades.onnx,vnncomp2026_benchmarks/benchmarks/cora_2024/1.0/vnnlib/svhn-img53.vnnlib,19.289129666,sat,5.908347592
cora_2024,vnncomp2026_benchmarks/benchmarks/cora_2024/1.0/onnx/svhn-set.onnx,vnncomp2026_benchmarks/benchmarks/cora_2024/1.0/vnnlib/svhn-img53.vnnlib,19.283788555,sat,5.938314888
cora_2024,vnncomp2026_benchmarks/benchmarks/cora_2024/1.0/onnx/svhn-point.onnx,vnncomp2026_benchmarks/benchmarks/cora_2024/1.0/vnnlib/svhn-img55.vnnlib,19.514482114,sat,5.892526685
cora_2024,vnncomp2026_benchmarks/benchmarks/cora_2024/1.0/onnx/svhn-trades.onnx,vnncomp2026_benchmarks/benchmarks/cora_2024/1.0/vnnlib/svhn-img55.vnnlib,19.253725824,sat,5.922531822
cora_2024,vnncomp2026_benchmarks/benchmarks/cora_2024/1.0/onnx/svhn-set.onnx,vnncomp2026_benchmarks/benchmarks/cora_2024/1.0/vnnlib/svhn-img55.vnnlib,19.267142995,sat,5.935619544
cora_2024,vnncomp2026_benchmarks/benchmarks/cora_2024/1.0/onnx/svhn-point.onnx,vnncomp2026_benchmarks/benchmarks/cora_2024/1.0/vnnlib/svhn-img84.vnnlib,19.478651719,sat,5.902649216
cora_2024,vnncomp2026_benchmarks/benchmarks/cora_2024/1.0/onnx/svhn-trades.onnx,vnncomp2026_benchmarks/benchmarks/cora_2024/1.0/vnnlib/svhn-img84.vnnlib,19.289786417,sat,5.861987182
cora_2024,vnncomp2026_benchmarks/benchmarks/cora_2024/1.0/onnx/svhn-set.onnx,vnncomp2026_benchmarks/benchmarks/cora_2024/1.0/vnnlib/svhn-img84.vnnlib,19.277862301,sat,5.926385168
cora_2024,vnncomp2026_benchmarks/benchmarks/cora_2024/1.0/onnx/svhn-point.onnx,vnncomp2026_benchmarks/benchmarks/cora_2024/1.0/vnnlib/svhn-img121.vnnlib,19.528680179,sat,5.904950058
cora_2024,vnncomp2026_benchmarks/benchmarks/cora_2024/1.0/onnx/svhn-trades.onnx,vnncomp2026_benchmarks/benchmarks/cora_2024/1.0/vnnlib/svhn-img121.vnnlib,19.255056888,sat,5.936095282
cora_2024,vnncomp2026_benchmarks/benchmarks/cora_2024/1.0/onnx/svhn-set.onnx,vnncomp2026_benchmarks/benchmarks/cora_2024/1.0/vnnlib/svhn-img121.vnnlib,19.264501051,sat,5.933142016
cora_2024,vnncomp2026_benchmarks/benchmarks/cora_2024/1.0/onnx/svhn-point.onnx,vnncomp2026_benchmarks/benchmarks/cora_2024/1.0/vnnlib/svhn-img181.vnnlib,19.549537577,sat,5.890665640
cora_2024,vnncomp2026_benchmarks/benchmarks/cora_2024/1.0/onnx/svhn-trades.onnx,vnncomp2026_benchmarks/benchmarks/cora_2024/1.0/vnnlib/svhn-img181.vnnlib,19.272414483,sat,5.926818979
cora_2024,vnncomp2026_benchmarks/benchmarks/cora_2024/1.0/onnx/svhn-set.onnx,vnncomp2026_benchmarks/benchmarks/cora_2024/1.0/vnnlib/svhn-img181.vnnlib,19.281295725,sat,5.934315792
cora_2024,vnncomp2026_benchmarks/benchmarks/cora_2024/1.0/onnx/svhn-point.onnx,vnncomp2026_benchmarks/benchmarks/cora_2024/1.0/vnnlib/svhn-img343.vnnlib,19.507655536,sat,5.886330698
cora_2024,vnncomp2026_benchmarks/benchmarks/cora_2024/1.0/onnx/svhn-trades.onnx,vnncomp2026_benchmarks/benchmarks/cora_2024/1.0/vnnlib/svhn-img343.vnnlib,19.249063843,sat,5.889627868
cora_2024,vnncomp2026_benchmarks/benchmarks/cora_2024/1.0/onnx/svhn-set.onnx,vnncomp2026_benchmarks/benchmarks/cora_2024/1.0/vnnlib/svhn-img343.vnnlib,19.265075349,sat,5.891790482
cora_2024,vnncomp2026_benchmarks/benchmarks/cora_2024/1.0/onnx/svhn-point.onnx,vnncomp2026_benchmarks/benchmarks/cora_2024/1.0/vnnlib/svhn-img417.vnnlib,19.526006638,sat,5.893342414
cora_2024,vnncomp2026_benchmarks/benchmarks/cora_2024/1.0/onnx/svhn-trades.onnx,vnncomp2026_benchmarks/benchmarks/cora_2024/1.0/vnnlib/svhn-img417.vnnlib,19.261085917,sat,5.936241685
cora_2024,vnncomp2026_benchmarks/benchmarks/cora_2024/1.0/onnx/svhn-set.onnx,vnncomp2026_benchmarks/benchmarks/cora_2024/1.0/vnnlib/svhn-img417.vnnlib,19.270380938,sat,5.948497052
cora_2024,vnncomp2026_benchmarks/benchmarks/cora_2024/1.0/onnx/svhn-point.onnx,vnncomp2026_benchmarks/benchmarks/cora_2024/1.0/vnnlib/svhn-img435.vnnlib,19.529157471,sat,5.880879825
cora_2024,vnncomp2026_benchmarks/benchmarks/cora_2024/1.0/onnx/svhn-trades.onnx,vnncomp2026_benchmarks/benchmarks/cora_2024/1.0/vnnlib/svhn-img435.vnnlib,19.271111341,sat,5.879904099
cora_2024,vnncomp2026_benchmarks/benchmarks/cora_2024/1.0/onnx/svhn-set.onnx,vnncomp2026_benchmarks/benchmarks/cora_2024/1.0/vnnlib/svhn-img435.vnnlib,19.286752253,sat,5.894066979
cora_2024,vnncomp2026_benchmarks/benchmarks/cora_2024/1.0/onnx/svhn-point.onnx,vnncomp2026_benchmarks/benchmarks/cora_2024/1.0/vnnlib/svhn-img509.vnnlib,19.544855399,sat,5.875831307
cora_2024,vnncomp2026_benchmarks/benchmarks/cora_2024/1.0/onnx/svhn-trades.onnx,vnncomp2026_benchmarks/benchmarks/cora_2024/1.0/vnnlib/svhn-img509.vnnlib,19.283860107,sat,5.901399496
cora_2024,vnncomp2026_benchmarks/benchmarks/cora_2024/1.0/onnx/svhn-set.onnx,vnncomp2026_benchmarks/benchmarks/cora_2024/1.0/vnnlib/svhn-img509.vnnlib,19.283088718,sat,5.933447931
cora_2024,vnncomp2026_benchmarks/benchmarks/cora_2024/1.0/onnx/svhn-point.onnx,vnncomp2026_benchmarks/benchmarks/cora_2024/1.0/vnnlib/svhn-img513.vnnlib,19.519342048,sat,5.899582069
cora_2024,vnncomp2026_benchmarks/benchmarks/cora_2024/1.0/onnx/svhn-trades.onnx,vnncomp2026_benchmarks/benchmarks/cora_2024/1.0/vnnlib/svhn-img513.vnnlib,19.292402145,sat,5.926097843
cora_2024,vnncomp2026_benchmarks/benchmarks/cora_2024/1.0/onnx/svhn-set.onnx,vnncomp2026_benchmarks/benchmarks/cora_2024/1.0/vnnlib/svhn-img513.vnnlib,19.300716685,sat,5.916849704
cora_2024,vnncomp2026_benchmarks/benchmarks/cora_2024/1.0/onnx/svhn-point.onnx,vnncomp2026_benchmarks/benchmarks/cora_2024/1.0/vnnlib/svhn-img539.vnnlib,19.546942588,sat,5.901852595
cora_2024,vnncomp2026_benchmarks/benchmarks/cora_2024/1.0/onnx/svhn-trades.onnx,vnncomp2026_benchmarks/benchmarks/cora_2024/1.0/vnnlib/svhn-img539.vnnlib,19.286281828,sat,5.900327508
cora_2024,vnncomp2026_benchmarks/benchmarks/cora_2024/1.0/onnx/svhn-set.onnx,vnncomp2026_benchmarks/benchmarks/cora_2024/1.0/vnnlib/svhn-img539.vnnlib,19.277294772,sat,5.894632170
cora_2024,vnncomp2026_benchmarks/benchmarks/cora_2024/1.0/onnx/svhn-point.onnx,vnncomp2026_benchmarks/benchmarks/cora_2024/1.0/vnnlib/svhn-img572.vnnlib,19.511135765,sat,5.902539619
cora_2024,vnncomp2026_benchmarks/benchmarks/cora_2024/1.0/onnx/svhn-trades.onnx,vnncomp2026_benchmarks/benchmarks/cora_2024/1.0/vnnlib/svhn-img572.vnnlib,19.297309603,sat,5.894022475
cora_2024,vnncomp2026_benchmarks/benchmarks/cora_2024/1.0/onnx/svhn-set.onnx,vnncomp2026_benchmarks/benchmarks/cora_2024/1.0/vnnlib/svhn-img572.vnnlib,19.272372383,sat,5.933256261
cora_2024,vnncomp2026_benchmarks/benchmarks/cora_2024/1.0/onnx/svhn-point.onnx,vnncomp2026_benchmarks/benchmarks/cora_2024/1.0/vnnlib/svhn-img598.vnnlib,19.496017801,sat,5.908450878
cora_2024,vnncomp2026_benchmarks/benchmarks/cora_2024/1.0/onnx/svhn-trades.onnx,vnncomp2026_benchmarks/benchmarks/cora_2024/1.0/vnnlib/svhn-img598.vnnlib,19.267510325,sat,5.930552033
cora_2024,vnncomp2026_benchmarks/benchmarks/cora_2024/1.0/onnx/svhn-set.onnx,vnncomp2026_benchmarks/benchmarks/cora_2024/1.0/vnnlib/svhn-img598.vnnlib,19.275973059,sat,5.894634061
cora_2024,vnncomp2026_benchmarks/benchmarks/cora_2024/1.0/onnx/svhn-point.onnx,vnncomp2026_benchmarks/benchmarks/cora_2024/1.0/vnnlib/svhn-img645.vnnlib,19.522201933,sat,5.876748774
cora_2024,vnncomp2026_benchmarks/benchmarks/cora_2024/1.0/onnx/svhn-trades.onnx,vnncomp2026_benchmarks/benchmarks/cora_2024/1.0/vnnlib/svhn-img645.vnnlib,19.322005379,sat,5.902772540
cora_2024,vnncomp2026_benchmarks/benchmarks/cora_2024/1.0/onnx/svhn-set.onnx,vnncomp2026_benchmarks/benchmarks/cora_2024/1.0/vnnlib/svhn-img645.vnnlib,19.284540055,sat,5.901250681
cora_2024,vnncomp2026_benchmarks/benchmarks/cora_2024/1.0/onnx/svhn-point.onnx,vnncomp2026_benchmarks/benchmarks/cora_2024/1.0/vnnlib/svhn-img710.vnnlib,19.504447260,sat,5.892303835
cora_2024,vnncomp2026_benchmarks/benchmarks/cora_2024/1.0/onnx/svhn-trades.onnx,vnncomp2026_benchmarks/benchmarks/cora_2024/1.0/vnnlib/svhn-img710.vnnlib,19.277393021,sat,5.899963828
cora_2024,vnncomp2026_benchmarks/benchmarks/cora_2024/1.0/onnx/svhn-set.onnx,vnncomp2026_benchmarks/benchmarks/cora_2024/1.0/vnnlib/svhn-img710.vnnlib,19.264177061,sat,5.936767563
cora_2024,vnncomp2026_benchmarks/benchmarks/cora_2024/1.0/onnx/svhn-point.onnx,vnncomp2026_benchmarks/benchmarks/cora_2024/1.0/vnnlib/svhn-img726.vnnlib,19.516143732,sat,5.916553261
cora_2024,vnncomp2026_benchmarks/benchmarks/cora_2024/1.0/onnx/svhn-trades.onnx,vnncomp2026_benchmarks/benchmarks/cora_2024/1.0/vnnlib/svhn-img726.vnnlib,19.293369287,sat,5.891318088
cora_2024,vnncomp2026_benchmarks/benchmarks/cora_2024/1.0/onnx/svhn-set.onnx,vnncomp2026_benchmarks/benchmarks/cora_2024/1.0/vnnlib/svhn-img726.vnnlib,19.272918650,sat,5.915937301
cora_2024,vnncomp2026_benchmarks/benchmarks/cora_2024/1.0/onnx/svhn-point.onnx,vnncomp2026_benchmarks/benchmarks/cora_2024/1.0/vnnlib/svhn-img761.vnnlib,19.528233225,sat,5.898160761
cora_2024,vnncomp2026_benchmarks/benchmarks/cora_2024/1.0/onnx/svhn-trades.onnx,vnncomp2026_benchmarks/benchmarks/cora_2024/1.0/vnnlib/svhn-img761.vnnlib,19.288026173,sat,5.896153407
cora_2024,vnncomp2026_benchmarks/benchmarks/cora_2024/1.0/onnx/svhn-set.onnx,vnncomp2026_benchmarks/benchmarks/cora_2024/1.0/vnnlib/svhn-img761.vnnlib,19.241900185,sat,5.924510319
cora_2024,vnncomp2026_benchmarks/benchmarks/cora_2024/1.0/onnx/svhn-point.onnx,vnncomp2026_benchmarks/benchmarks/cora_2024/1.0/vnnlib/svhn-img969.vnnlib,19.542329189,sat,5.912212786
cora_2024,vnncomp2026_benchmarks/benchmarks/cora_2024/1.0/onnx/svhn-trades.onnx,vnncomp2026_benchmarks/benchmarks/cora_2024/1.0/vnnlib/svhn-img969.vnnlib,19.245013566,sat,5.929558661
cora_2024,vnncomp2026_benchmarks/benchmarks/cora_2024/1.0/onnx/svhn-set.onnx,vnncomp2026_benchmarks/benchmarks/cora_2024/1.0/vnnlib/svhn-img969.vnnlib,19.291868330,sat,5.870220737
cora_2024,vnncomp2026_benchmarks/benchmarks/cora_2024/1.0/onnx/svhn-point.onnx,vnncomp2026_benchmarks/benchmarks/cora_2024/1.0/vnnlib/svhn-img1111.vnnlib,19.508668055,sat,5.906874247
cora_2024,vnncomp2026_benchmarks/benchmarks/cora_2024/1.0/onnx/svhn-trades.onnx,vnncomp2026_benchmarks/benchmarks/cora_2024/1.0/vnnlib/svhn-img1111.vnnlib,19.260050201,sat,5.908371516
cora_2024,vnncomp2026_benchmarks/benchmarks/cora_2024/1.0/onnx/svhn-set.onnx,vnncomp2026_benchmarks/benchmarks/cora_2024/1.0/vnnlib/svhn-img1111.vnnlib,19.273462401,sat,5.941783207
cora_2024,vnncomp2026_benchmarks/benchmarks/cora_2024/1.0/onnx/cifar10-point.onnx,vnncomp2026_benchmarks/benchmarks/cora_2024/1.0/vnnlib/cifar10-img47.vnnlib,19.516847741,sat,5.919120336
cora_2024,vnncomp2026_benchmarks/benchmarks/cora_2024/1.0/onnx/cifar10-trades.onnx,vnncomp2026_benchmarks/benchmarks/cora_2024/1.0/vnnlib/cifar10-img47.vnnlib,19.239048067,sat,5.923992963
cora_2024,vnncomp2026_benchmarks/benchmarks/cora_2024/1.0/onnx/cifar10-set.onnx,vnncomp2026_benchmarks/benchmarks/cora_2024/1.0/vnnlib/cifar10-img47.vnnlib,19.249842823,sat,5.918969174
cora_2024,vnncomp2026_benchmarks/benchmarks/cora_2024/1.0/onnx/cifar10-point.onnx,vnncomp2026_benchmarks/benchmarks/cora_2024/1.0/vnnlib/cifar10-img61.vnnlib,19.563562684,sat,5.928595509
cora_2024,vnncomp2026_benchmarks/benchmarks/cora_2024/1.0/onnx/cifar10-trades.onnx,vnncomp2026_benchmarks/benchmarks/cora_2024/1.0/vnnlib/cifar10-img61.vnnlib,19.277563439,sat,5.935684205
cora_2024,vnncomp2026_benchmarks/benchmarks/cora_2024/1.0/onnx/cifar10-set.onnx,vnncomp2026_benchmarks/benchmarks/cora_2024/1.0/vnnlib/cifar10-img61.vnnlib,19.262251155,sat,5.935127850
cora_2024,vnncomp2026_benchmarks/benchmarks/cora_2024/1.0/onnx/cifar10-point.onnx,vnncomp2026_benchmarks/benchmarks/cora_2024/1.0/vnnlib/cifar10-img78.vnnlib,19.520521700,sat,5.925260101
cora_2024,vnncomp2026_benchmarks/benchmarks/cora_2024/1.0/onnx/cifar10-trades.onnx,vnncomp2026_benchmarks/benchmarks/cora_2024/1.0/vnnlib/cifar10-img78.vnnlib,19.260591153,sat,5.920556064
cora_2024,vnncomp2026_benchmarks/benchmarks/cora_2024/1.0/onnx/cifar10-set.onnx,vnncomp2026_benchmarks/benchmarks/cora_2024/1.0/vnnlib/cifar10-img78.vnnlib,19.305510951,timeout,36.535605421
cora_2024,vnncomp2026_benchmarks/benchmarks/cora_2024/1.0/onnx/cifar10-point.onnx,vnncomp2026_benchmarks/benchmarks/cora_2024/1.0/vnnlib/cifar10-img141.vnnlib,19.529548380,sat,5.922885156
cora_2024,vnncomp2026_benchmarks/benchmarks/cora_2024/1.0/onnx/cifar10-trades.onnx,vnncomp2026_benchmarks/benchmarks/cora_2024/1.0/vnnlib/cifar10-img141.vnnlib,19.259334044,sat,5.928513020
cora_2024,vnncomp2026_benchmarks/benchmarks/cora_2024/1.0/onnx/cifar10-set.onnx,vnncomp2026_benchmarks/benchmarks/cora_2024/1.0/vnnlib/cifar10-img141.vnnlib,19.310708889,unsat,7.156855181
cora_2024,vnncomp2026_benchmarks/benchmarks/cora_2024/1.0/onnx/cifar10-point.onnx,vnncomp2026_benchmarks/benchmarks/cora_2024/1.0/vnnlib/cifar10-img168.vnnlib,19.528242596,sat,5.928339096
cora_2024,vnncomp2026_benchmarks/benchmarks/cora_2024/1.0/onnx/cifar10-trades.onnx,vnncomp2026_benchmarks/benchmarks/cora_2024/1.0/vnnlib/cifar10-img168.vnnlib,19.230275520,sat,5.926506266
cora_2024,vnncomp2026_benchmarks/benchmarks/cora_2024/1.0/onnx/cifar10-set.onnx,vnncomp2026_benchmarks/benchmarks/cora_2024/1.0/vnnlib/cifar10-img168.vnnlib,19.241942548,unsat,7.220435487
cora_2024,vnncomp2026_benchmarks/benchmarks/cora_2024/1.0/onnx/cifar10-point.onnx,vnncomp2026_benchmarks/benchmarks/cora_2024/1.0/vnnlib/cifar10-img172.vnnlib,19.507324132,sat,5.932459526
cora_2024,vnncomp2026_benchmarks/benchmarks/cora_2024/1.0/onnx/cifar10-trades.onnx,vnncomp2026_benchmarks/benchmarks/cora_2024/1.0/vnnlib/cifar10-img172.vnnlib,19.255410379,sat,5.930066614
cora_2024,vnncomp2026_benchmarks/benchmarks/cora_2024/1.0/onnx/cifar10-set.onnx,vnncomp2026_benchmarks/benchmarks/cora_2024/1.0/vnnlib/cifar10-img172.vnnlib,19.262784381,sat,5.931681847
cora_2024,vnncomp2026_benchmarks/benchmarks/cora_2024/1.0/onnx/cifar10-point.onnx,vnncomp2026_benchmarks/benchmarks/cora_2024/1.0/vnnlib/cifar10-img183.vnnlib,19.539392701,sat,5.927514988
cora_2024,vnncomp2026_benchmarks/benchmarks/cora_2024/1.0/onnx/cifar10-trades.onnx,vnncomp2026_benchmarks/benchmarks/cora_2024/1.0/vnnlib/cifar10-img183.vnnlib,19.251878382,sat,5.916193838
cora_2024,vnncomp2026_benchmarks/benchmarks/cora_2024/1.0/onnx/cifar10-set.onnx,vnncomp2026_benchmarks/benchmarks/cora_2024/1.0/vnnlib/cifar10-img183.vnnlib,19.250180587,sat,5.895948646
cora_2024,vnncomp2026_benchmarks/benchmarks/cora_2024/1.0/onnx/cifar10-point.onnx,vnncomp2026_benchmarks/benchmarks/cora_2024/1.0/vnnlib/cifar10-img197.vnnlib,19.531691464,sat,5.932866994
cora_2024,vnncomp2026_benchmarks/benchmarks/cora_2024/1.0/onnx/cifar10-trades.onnx,vnncomp2026_benchmarks/benchmarks/cora_2024/1.0/vnnlib/cifar10-img197.vnnlib,19.283599334,sat,5.931224165
cora_2024,vnncomp2026_benchmarks/benchmarks/cora_2024/1.0/onnx/cifar10-set.onnx,vnncomp2026_benchmarks/benchmarks/cora_2024/1.0/vnnlib/cifar10-img197.vnnlib,19.287022594,sat,5.927178916
cora_2024,vnncomp2026_benchmarks/benchmarks/cora_2024/1.0/onnx/cifar10-point.onnx,vnncomp2026_benchmarks/benchmarks/cora_2024/1.0/vnnlib/cifar10-img215.vnnlib,19.526368552,sat,5.933498075
cora_2024,vnncomp2026_benchmarks/benchmarks/cora_2024/1.0/onnx/cifar10-trades.onnx,vnncomp2026_benchmarks/benchmarks/cora_2024/1.0/vnnlib/cifar10-img215.vnnlib,19.258434080,sat,5.927168429
cora_2024,vnncomp2026_benchmarks/benchmarks/cora_2024/1.0/onnx/cifar10-set.onnx,vnncomp2026_benchmarks/benchmarks/cora_2024/1.0/vnnlib/cifar10-img215.vnnlib,19.277827192,sat,5.928851383
cora_2024,vnncomp2026_benchmarks/benchmarks/cora_2024/1.0/onnx/cifar10-point.onnx,vnncomp2026_benchmarks/benchmarks/cora_2024/1.0/vnnlib/cifar10-img266.vnnlib,19.520984235,sat,5.917172330
cora_2024,vnncomp2026_benchmarks/benchmarks/cora_2024/1.0/onnx/cifar10-trades.onnx,vnncomp2026_benchmarks/benchmarks/cora_2024/1.0/vnnlib/cifar10-img266.vnnlib,19.261545489,sat,5.918386637
cora_2024,vnncomp2026_benchmarks/benchmarks/cora_2024/1.0/onnx/cifar10-set.onnx,vnncomp2026_benchmarks/benchmarks/cora_2024/1.0/vnnlib/cifar10-img266.vnnlib,19.312576075,sat,5.923093160
cora_2024,vnncomp2026_benchmarks/benchmarks/cora_2024/1.0/onnx/cifar10-point.onnx,vnncomp2026_benchmarks/benchmarks/cora_2024/1.0/vnnlib/cifar10-img306.vnnlib,19.509329382,timeout,37.495871641
cora_2024,vnncomp2026_benchmarks/benchmarks/cora_2024/1.0/onnx/cifar10-trades.onnx,vnncomp2026_benchmarks/benchmarks/cora_2024/1.0/vnnlib/cifar10-img306.vnnlib,19.334943220,sat,5.936862161
cora_2024,vnncomp2026_benchmarks/benchmarks/cora_2024/1.0/onnx/cifar10-set.onnx,vnncomp2026_benchmarks/benchmarks/cora_2024/1.0/vnnlib/cifar10-img306.vnnlib,19.259389789,unsat,6.779003394
cora_2024,vnncomp2026_benchmarks/benchmarks/cora_2024/1.0/onnx/cifar10-point.onnx,vnncomp2026_benchmarks/benchmarks/cora_2024/1.0/vnnlib/cifar10-img314.vnnlib,19.513460594,sat,5.942042195
cora_2024,vnncomp2026_benchmarks/benchmarks/cora_2024/1.0/onnx/cifar10-trades.onnx,vnncomp2026_benchmarks/benchmarks/cora_2024/1.0/vnnlib/cifar10-img314.vnnlib,19.274474605,sat,5.918368135
cora_2024,vnncomp2026_benchmarks/benchmarks/cora_2024/1.0/onnx/cifar10-set.onnx,vnncomp2026_benchmarks/benchmarks/cora_2024/1.0/vnnlib/cifar10-img314.vnnlib,19.288004652,sat,5.936863780
cora_2024,vnncomp2026_benchmarks/benchmarks/cora_2024/1.0/onnx/cifar10-point.onnx,vnncomp2026_benchmarks/benchmarks/cora_2024/1.0/vnnlib/cifar10-img316.vnnlib,19.512142672,sat,5.918117015
cora_2024,vnncomp2026_benchmarks/benchmarks/cora_2024/1.0/onnx/cifar10-trades.onnx,vnncomp2026_benchmarks/benchmarks/cora_2024/1.0/vnnlib/cifar10-img316.vnnlib,19.248743253,timeout,37.968917331
cora_2024,vnncomp2026_benchmarks/benchmarks/cora_2024/1.0/onnx/cifar10-set.onnx,vnncomp2026_benchmarks/benchmarks/cora_2024/1.0/vnnlib/cifar10-img316.vnnlib,19.338807013,unsat,6.782509007
cora_2024,vnncomp2026_benchmarks/benchmarks/cora_2024/1.0/onnx/cifar10-point.onnx,vnncomp2026_benchmarks/benchmarks/cora_2024/1.0/vnnlib/cifar10-img320.vnnlib,19.535695264,sat,5.912008838
cora_2024,vnncomp2026_benchmarks/benchmarks/cora_2024/1.0/onnx/cifar10-trades.onnx,vnncomp2026_benchmarks/benchmarks/cora_2024/1.0/vnnlib/cifar10-img320.vnnlib,19.251464348,sat,5.914830607
cora_2024,vnncomp2026_benchmarks/benchmarks/cora_2024/1.0/onnx/cifar10-set.onnx,vnncomp2026_benchmarks/benchmarks/cora_2024/1.0/vnnlib/cifar10-img320.vnnlib,19.252401911,sat,5.939812430
cora_2024,vnncomp2026_benchmarks/benchmarks/cora_2024/1.0/onnx/cifar10-point.onnx,vnncomp2026_benchmarks/benchmarks/cora_2024/1.0/vnnlib/cifar10-img321.vnnlib,19.518327459,sat,5.931330599
cora_2024,vnncomp2026_benchmarks/benchmarks/cora_2024/1.0/onnx/cifar10-trades.onnx,vnncomp2026_benchmarks/benchmarks/cora_2024/1.0/vnnlib/cifar10-img321.vnnlib,19.239622334,sat,5.924862292
cora_2024,vnncomp2026_benchmarks/benchmarks/cora_2024/1.0/onnx/cifar10-set.onnx,vnncomp2026_benchmarks/benchmarks/cora_2024/1.0/vnnlib/cifar10-img321.vnnlib,19.271285684,unsat,11.756982023
cora_2024,vnncomp2026_benchmarks/benchmarks/cora_2024/1.0/onnx/cifar10-point.onnx,vnncomp2026_benchmarks/benchmarks/cora_2024/1.0/vnnlib/cifar10-img345.vnnlib,19.517468942,sat,5.927280027
cora_2024,vnncomp2026_benchmarks/benchmarks/cora_2024/1.0/onnx/cifar10-trades.onnx,vnncomp2026_benchmarks/benchmarks/cora_2024/1.0/vnnlib/cifar10-img345.vnnlib,19.251372675,sat,5.914591948
cora_2024,vnncomp2026_benchmarks/benchmarks/cora_2024/1.0/onnx/cifar10-set.onnx,vnncomp2026_benchmarks/benchmarks/cora_2024/1.0/vnnlib/cifar10-img345.vnnlib,19.262619709,timeout,40.305409925
cora_2024,vnncomp2026_benchmarks/benchmarks/cora_2024/1.0/onnx/cifar10-point.onnx,vnncomp2026_benchmarks/benchmarks/cora_2024/1.0/vnnlib/cifar10-img346.vnnlib,19.576070493,sat,5.905003705
cora_2024,vnncomp2026_benchmarks/benchmarks/cora_2024/1.0/onnx/cifar10-trades.onnx,vnncomp2026_benchmarks/benchmarks/cora_2024/1.0/vnnlib/cifar10-img346.vnnlib,19.266644756,timeout,38.529735671
cora_2024,vnncomp2026_benchmarks/benchmarks/cora_2024/1.0/onnx/cifar10-set.onnx,vnncomp2026_benchmarks/benchmarks/cora_2024/1.0/vnnlib/cifar10-img346.vnnlib,19.369490510,timeout,37.310493748
cora_2024,vnncomp2026_benchmarks/benchmarks/cora_2024/1.0/onnx/cifar10-point.onnx,vnncomp2026_benchmarks/benchmarks/cora_2024/1.0/vnnlib/cifar10-img351.vnnlib,19.555450543,sat,5.921616357
cora_2024,vnncomp2026_benchmarks/benchmarks/cora_2024/1.0/onnx/cifar10-trades.onnx,vnncomp2026_benchmarks/benchmarks/cora_2024/1.0/vnnlib/cifar10-img351.vnnlib,19.265379275,sat,5.915279180
cora_2024,vnncomp2026_benchmarks/benchmarks/cora_2024/1.0/onnx/cifar10-set.onnx,vnncomp2026_benchmarks/benchmarks/cora_2024/1.0/vnnlib/cifar10-img351.vnnlib,19.306259331,sat,5.930871512
cora_2024,vnncomp2026_benchmarks/benchmarks/cora_2024/1.0/onnx/cifar10-point.onnx,vnncomp2026_benchmarks/benchmarks/cora_2024/1.0/vnnlib/cifar10-img362.vnnlib,19.520963241,sat,5.931356849
cora_2024,vnncomp2026_benchmarks/benchmarks/cora_2024/1.0/onnx/cifar10-trades.onnx,vnncomp2026_benchmarks/benchmarks/cora_2024/1.0/vnnlib/cifar10-img362.vnnlib,19.311092946,sat,5.936683552
cora_2024,vnncomp2026_benchmarks/benchmarks/cora_2024/1.0/onnx/cifar10-set.onnx,vnncomp2026_benchmarks/benchmarks/cora_2024/1.0/vnnlib/cifar10-img362.vnnlib,19.245760459,timeout,35.716241695
cora_2024,vnncomp2026_benchmarks/benchmarks/cora_2024/1.0/onnx/cifar10-point.onnx,vnncomp2026_benchmarks/benchmarks/cora_2024/1.0/vnnlib/cifar10-img383.vnnlib,19.560525237,sat,5.936862373
cora_2024,vnncomp2026_benchmarks/benchmarks/cora_2024/1.0/onnx/cifar10-trades.onnx,vnncomp2026_benchmarks/benchmarks/cora_2024/1.0/vnnlib/cifar10-img383.vnnlib,19.287373034,sat,5.930291988
cora_2024,vnncomp2026_benchmarks/benchmarks/cora_2024/1.0/onnx/cifar10-set.onnx,vnncomp2026_benchmarks/benchmarks/cora_2024/1.0/vnnlib/cifar10-img383.vnnlib,19.300954004,sat,5.928746998
cora_2024,vnncomp2026_benchmarks/benchmarks/test/1.0/onnx/test_nano.onnx,vnncomp2026_benchmarks/benchmarks/test/1.0/vnnlib/test_nano.vnnlib,19.249243561,unsat,5.783834561
