row,onnx,vnnlib,local_status,local_verification_s,time_used_s,time_source
0,onnx/TinyImageNet_resnet_medium.onnx,vnnlib/TinyImageNet_resnet_medium_prop_idx_736_sidx_8938_eps_0.0039.vnnlib,CERTIFIED,5.45154881477356,30.730554821,vnncomp2026
2,onnx/TinyImageNet_resnet_medium.onnx,vnnlib/TinyImageNet_resnet_medium_prop_idx_4109_sidx_3134_eps_0.0039.vnnlib,CERTIFIED,6.704959392547607,34.97045688,vnncomp2026
3,onnx/TinyImageNet_resnet_medium.onnx,vnnlib/TinyImageNet_resnet_medium_prop_idx_4435_sidx_3452_eps_0.0039.vnnlib,CERTIFIED,57.174076080322266,48.021106462,vnncomp2026
4,onnx/TinyImageNet_resnet_medium.onnx,vnnlib/TinyImageNet_resnet_medium_prop_idx_2448_sidx_6943_eps_0.0039.vnnlib,CERTIFIED,9.739958763122559,39.689149313,vnncomp2026
5,onnx/TinyImageNet_resnet_medium.onnx,vnnlib/TinyImageNet_resnet_medium_prop_idx_4409_sidx_8244_eps_0.0039.vnnlib,CERTIFIED,5.967736482620239,26.708879654,vnncomp2026
6,onnx/TinyImageNet_resnet_medium.onnx,vnnlib/TinyImageNet_resnet_medium_prop_idx_6958_sidx_1414_eps_0.0039.vnnlib,CERTIFIED,5.903129816055298,29.608827068,vnncomp2026
8,onnx/TinyImageNet_resnet_medium.onnx,vnnlib/TinyImageNet_resnet_medium_prop_idx_4438_sidx_6486_eps_0.0039.vnnlib,CERTIFIED,2.6161720752716064,8.719376939,vnncomp2026
9,onnx/TinyImageNet_resnet_medium.onnx,vnnlib/TinyImageNet_resnet_medium_prop_idx_8472_sidx_7499_eps_0.0039.vnnlib,CERTIFIED,6.9254066944122314,33.615692806,vnncomp2026
10,onnx/TinyImageNet_resnet_medium.onnx,vnnlib/TinyImageNet_resnet_medium_prop_idx_1637_sidx_1879_eps_0.0039.vnnlib,CERTIFIED,21.29695963859558,31.599102963,vnncomp2026
11,onnx/TinyImageNet_resnet_medium.onnx,vnnlib/TinyImageNet_resnet_medium_prop_idx_4668_sidx_7285_eps_0.0039.vnnlib,CERTIFIED,5.448291063308716,34.380307139,vnncomp2026
12,onnx/TinyImageNet_resnet_medium.onnx,vnnlib/TinyImageNet_resnet_medium_prop_idx_5676_sidx_9851_eps_0.0039.vnnlib,CERTIFIED,2.99796724319458,8.213153845,vnncomp2026
13,onnx/TinyImageNet_resnet_medium.onnx,vnnlib/TinyImageNet_resnet_medium_prop_idx_1058_sidx_5209_eps_0.0039.vnnlib,CERTIFIED,8.319870471954346,26.83076103,vnncomp2026
15,onnx/TinyImageNet_resnet_medium.onnx,vnnlib/TinyImageNet_resnet_medium_prop_idx_3082_sidx_2546_eps_0.0039.vnnlib,CERTIFIED,4.637972831726074,25.041588507,vnncomp2026
16,onnx/TinyImageNet_resnet_medium.onnx,vnnlib/TinyImageNet_resnet_medium_prop_idx_6077_sidx_9485_eps_0.0039.vnnlib,CERTIFIED,9.930636405944824,25.071180826,vnncomp2026
17,onnx/TinyImageNet_resnet_medium.onnx,vnnlib/TinyImageNet_resnet_medium_prop_idx_6623_sidx_4316_eps_0.0039.vnnlib,CERTIFIED,35.25450372695923,34.652404359,vnncomp2026
19,onnx/TinyImageNet_resnet_medium.onnx,vnnlib/TinyImageNet_resnet_medium_prop_idx_5440_sidx_1808_eps_0.0039.vnnlib,CERTIFIED,12.457489967346191,36.007755499,vnncomp2026
22,onnx/TinyImageNet_resnet_medium.onnx,vnnlib/TinyImageNet_resnet_medium_prop_idx_2002_sidx_7461_eps_0.0039.vnnlib,CERTIFIED,7.130546808242798,34.639736047,vnncomp2026
23,onnx/TinyImageNet_resnet_medium.onnx,vnnlib/TinyImageNet_resnet_medium_prop_idx_9945_sidx_2117_eps_0.0039.vnnlib,CERTIFIED,3.59309720993042,24.713050669,vnncomp2026
24,onnx/TinyImageNet_resnet_medium.onnx,vnnlib/TinyImageNet_resnet_medium_prop_idx_5234_sidx_7711_eps_0.0039.vnnlib,CERTIFIED,4.152634382247925,23.054143882,vnncomp2026
25,onnx/TinyImageNet_resnet_medium.onnx,vnnlib/TinyImageNet_resnet_medium_prop_idx_4431_sidx_3429_eps_0.0039.vnnlib,CERTIFIED,5.476847171783447,27.915739619,vnncomp2026
26,onnx/TinyImageNet_resnet_medium.onnx,vnnlib/TinyImageNet_resnet_medium_prop_idx_2936_sidx_7810_eps_0.0039.vnnlib,CERTIFIED,24.219197988510132,33.720175489,vnncomp2026
27,onnx/TinyImageNet_resnet_medium.onnx,vnnlib/TinyImageNet_resnet_medium_prop_idx_4535_sidx_3722_eps_0.0039.vnnlib,CERTIFIED,8.07127046585083,34.693624574,vnncomp2026
28,onnx/TinyImageNet_resnet_medium.onnx,vnnlib/TinyImageNet_resnet_medium_prop_idx_842_sidx_3836_eps_0.0039.vnnlib,CERTIFIED,7.058404445648193,27.52993376,vnncomp2026
29,onnx/TinyImageNet_resnet_medium.onnx,vnnlib/TinyImageNet_resnet_medium_prop_idx_5743_sidx_6569_eps_0.0039.vnnlib,CERTIFIED,5.7360241413116455,32.952879364,vnncomp2026
32,onnx/TinyImageNet_resnet_medium.onnx,vnnlib/TinyImageNet_resnet_medium_prop_idx_327_sidx_2412_eps_0.0039.vnnlib,CERTIFIED,4.482546329498291,34.502746444,vnncomp2026
33,onnx/TinyImageNet_resnet_medium.onnx,vnnlib/TinyImageNet_resnet_medium_prop_idx_5759_sidx_3074_eps_0.0039.vnnlib,CERTIFIED,5.881798028945923,25.83510289,vnncomp2026
37,onnx/TinyImageNet_resnet_medium.onnx,vnnlib/TinyImageNet_resnet_medium_prop_idx_1514_sidx_2541_eps_0.0039.vnnlib,CERTIFIED,3.2595551013946533,8.779625197,vnncomp2026
38,onnx/TinyImageNet_resnet_medium.onnx,vnnlib/TinyImageNet_resnet_medium_prop_idx_5421_sidx_558_eps_0.0039.vnnlib,CERTIFIED,4.970301151275635,34.977417051,vnncomp2026
39,onnx/TinyImageNet_resnet_medium.onnx,vnnlib/TinyImageNet_resnet_medium_prop_idx_1417_sidx_8632_eps_0.0039.vnnlib,CERTIFIED,13.434568643569946,31.028589635,vnncomp2026
43,onnx/TinyImageNet_resnet_medium.onnx,vnnlib/TinyImageNet_resnet_medium_prop_idx_9483_sidx_7908_eps_0.0039.vnnlib,CERTIFIED,4.739392518997192,29.321545756,vnncomp2026
45,onnx/TinyImageNet_resnet_medium.onnx,vnnlib/TinyImageNet_resnet_medium_prop_idx_3306_sidx_8440_eps_0.0039.vnnlib,CERTIFIED,7.669526100158691,39.043137817,vnncomp2026
47,onnx/TinyImageNet_resnet_medium.onnx,vnnlib/TinyImageNet_resnet_medium_prop_idx_5773_sidx_7310_eps_0.0039.vnnlib,CERTIFIED,11.170695543289185,41.171868192,vnncomp2026
48,onnx/TinyImageNet_resnet_medium.onnx,vnnlib/TinyImageNet_resnet_medium_prop_idx_9374_sidx_3808_eps_0.0039.vnnlib,CERTIFIED,22.493842840194702,42.836812142,vnncomp2026
53,onnx/TinyImageNet_resnet_medium.onnx,vnnlib/TinyImageNet_resnet_medium_prop_idx_1126_sidx_4974_eps_0.0039.vnnlib,CERTIFIED,3.878211736679077,32.085222963,vnncomp2026
54,onnx/TinyImageNet_resnet_medium.onnx,vnnlib/TinyImageNet_resnet_medium_prop_idx_3558_sidx_7280_eps_0.0039.vnnlib,CERTIFIED,8.477018356323242,33.529897911,vnncomp2026
59,onnx/TinyImageNet_resnet_medium.onnx,vnnlib/TinyImageNet_resnet_medium_prop_idx_647_sidx_9608_eps_0.0039.vnnlib,CERTIFIED,4.022188186645508,10.433634067,vnncomp2026
60,onnx/TinyImageNet_resnet_medium.onnx,vnnlib/TinyImageNet_resnet_medium_prop_idx_2571_sidx_6607_eps_0.0039.vnnlib,CERTIFIED,24.2239089012146,34.041571609,vnncomp2026
61,onnx/TinyImageNet_resnet_medium.onnx,vnnlib/TinyImageNet_resnet_medium_prop_idx_4592_sidx_7177_eps_0.0039.vnnlib,CERTIFIED,1.632544994354248,6.547805205,vnncomp2026
62,onnx/TinyImageNet_resnet_medium.onnx,vnnlib/TinyImageNet_resnet_medium_prop_idx_9762_sidx_9367_eps_0.0039.vnnlib,CERTIFIED,9.02112364768982,23.311007806,vnncomp2026
65,onnx/TinyImageNet_resnet_medium.onnx,vnnlib/TinyImageNet_resnet_medium_prop_idx_4284_sidx_4364_eps_0.0039.vnnlib,CERTIFIED,1.9739916324615479,8.82678278,vnncomp2026
66,onnx/TinyImageNet_resnet_medium.onnx,vnnlib/TinyImageNet_resnet_medium_prop_idx_84_sidx_6303_eps_0.0039.vnnlib,CERTIFIED,5.920174837112427,37.754051608,vnncomp2026
67,onnx/TinyImageNet_resnet_medium.onnx,vnnlib/TinyImageNet_resnet_medium_prop_idx_2042_sidx_5377_eps_0.0039.vnnlib,CERTIFIED,2.020983934402466,9.556081029,vnncomp2026
68,onnx/TinyImageNet_resnet_medium.onnx,vnnlib/TinyImageNet_resnet_medium_prop_idx_1247_sidx_5409_eps_0.0039.vnnlib,CERTIFIED,10.06513237953186,39.732422286,vnncomp2026
70,onnx/TinyImageNet_resnet_medium.onnx,vnnlib/TinyImageNet_resnet_medium_prop_idx_7261_sidx_1162_eps_0.0039.vnnlib,CERTIFIED,2.98769211769104,8.060420261,vnncomp2026
71,onnx/TinyImageNet_resnet_medium.onnx,vnnlib/TinyImageNet_resnet_medium_prop_idx_1285_sidx_7564_eps_0.0039.vnnlib,CERTIFIED,2.0654549598693848,9.551548119,vnncomp2026
72,onnx/TinyImageNet_resnet_medium.onnx,vnnlib/TinyImageNet_resnet_medium_prop_idx_8470_sidx_565_eps_0.0039.vnnlib,CERTIFIED,4.656849145889282,35.036460713,vnncomp2026
73,onnx/TinyImageNet_resnet_medium.onnx,vnnlib/TinyImageNet_resnet_medium_prop_idx_4513_sidx_5588_eps_0.0039.vnnlib,CERTIFIED,7.001966238021851,37.065895975,vnncomp2026
74,onnx/TinyImageNet_resnet_medium.onnx,vnnlib/TinyImageNet_resnet_medium_prop_idx_1924_sidx_6759_eps_0.0039.vnnlib,CERTIFIED,6.289503812789917,27.457174503,vnncomp2026
75,onnx/TinyImageNet_resnet_medium.onnx,vnnlib/TinyImageNet_resnet_medium_prop_idx_5999_sidx_7879_eps_0.0039.vnnlib,CERTIFIED,1.7746329307556152,8.855477973,vnncomp2026
76,onnx/TinyImageNet_resnet_medium.onnx,vnnlib/TinyImageNet_resnet_medium_prop_idx_9396_sidx_3885_eps_0.0039.vnnlib,CERTIFIED,6.487655401229858,32.898609938,vnncomp2026
77,onnx/TinyImageNet_resnet_medium.onnx,vnnlib/TinyImageNet_resnet_medium_prop_idx_5634_sidx_9441_eps_0.0039.vnnlib,CERTIFIED,2.9765820503234863,10.044735177,vnncomp2026
78,onnx/TinyImageNet_resnet_medium.onnx,vnnlib/TinyImageNet_resnet_medium_prop_idx_7196_sidx_2293_eps_0.0039.vnnlib,CERTIFIED,5.737199544906616,34.432833138,vnncomp2026
79,onnx/TinyImageNet_resnet_medium.onnx,vnnlib/TinyImageNet_resnet_medium_prop_idx_6112_sidx_1602_eps_0.0039.vnnlib,CERTIFIED,6.406386852264404,34.092558142,vnncomp2026
81,onnx/TinyImageNet_resnet_medium.onnx,vnnlib/TinyImageNet_resnet_medium_prop_idx_9803_sidx_5555_eps_0.0039.vnnlib,CERTIFIED,2.0045642852783203,8.557093396,vnncomp2026
82,onnx/TinyImageNet_resnet_medium.onnx,vnnlib/TinyImageNet_resnet_medium_prop_idx_6641_sidx_4574_eps_0.0039.vnnlib,CERTIFIED,4.794536590576172,35.787004196,vnncomp2026
83,onnx/TinyImageNet_resnet_medium.onnx,vnnlib/TinyImageNet_resnet_medium_prop_idx_6230_sidx_8544_eps_0.0039.vnnlib,CERTIFIED,7.0545737743377686,35.317258468,vnncomp2026
84,onnx/TinyImageNet_resnet_medium.onnx,vnnlib/TinyImageNet_resnet_medium_prop_idx_4419_sidx_4147_eps_0.0039.vnnlib,CERTIFIED,0.7738890647888184,6.548730883,vnncomp2026
85,onnx/TinyImageNet_resnet_medium.onnx,vnnlib/TinyImageNet_resnet_medium_prop_idx_1134_sidx_5880_eps_0.0039.vnnlib,CERTIFIED,6.7766735553741455,29.399890652,vnncomp2026
87,onnx/TinyImageNet_resnet_medium.onnx,vnnlib/TinyImageNet_resnet_medium_prop_idx_939_sidx_5683_eps_0.0039.vnnlib,CERTIFIED,0.7544779777526855,6.536376547,vnncomp2026
89,onnx/TinyImageNet_resnet_medium.onnx,vnnlib/TinyImageNet_resnet_medium_prop_idx_9653_sidx_4967_eps_0.0039.vnnlib,CERTIFIED,6.980504751205444,26.672564366,vnncomp2026
91,onnx/TinyImageNet_resnet_medium.onnx,vnnlib/TinyImageNet_resnet_medium_prop_idx_208_sidx_4376_eps_0.0039.vnnlib,CERTIFIED,5.890467882156372,36.506829834,vnncomp2026
92,onnx/TinyImageNet_resnet_medium.onnx,vnnlib/TinyImageNet_resnet_medium_prop_idx_9827_sidx_1673_eps_0.0039.vnnlib,CERTIFIED,6.316313743591309,26.495050119,vnncomp2026
93,onnx/TinyImageNet_resnet_medium.onnx,vnnlib/TinyImageNet_resnet_medium_prop_idx_8853_sidx_6463_eps_0.0039.vnnlib,CERTIFIED,67.17875576019287,61.022152145,vnncomp2026
94,onnx/TinyImageNet_resnet_medium.onnx,vnnlib/TinyImageNet_resnet_medium_prop_idx_1238_sidx_362_eps_0.0039.vnnlib,CERTIFIED,25.56731653213501,68.851574312,vnncomp2026
95,onnx/TinyImageNet_resnet_medium.onnx,vnnlib/TinyImageNet_resnet_medium_prop_idx_4004_sidx_9594_eps_0.0039.vnnlib,CERTIFIED,4.418420314788818,36.493128315,vnncomp2026
96,onnx/TinyImageNet_resnet_medium.onnx,vnnlib/TinyImageNet_resnet_medium_prop_idx_3139_sidx_2973_eps_0.0039.vnnlib,CERTIFIED,6.046314001083374,25.849137069,vnncomp2026
98,onnx/TinyImageNet_resnet_medium.onnx,vnnlib/TinyImageNet_resnet_medium_prop_idx_7005_sidx_2776_eps_0.0039.vnnlib,CERTIFIED,4.481444358825684,32.657883942,vnncomp2026
99,onnx/TinyImageNet_resnet_medium.onnx,vnnlib/TinyImageNet_resnet_medium_prop_idx_9586_sidx_1970_eps_0.0039.vnnlib,CERTIFIED,4.859770774841309,26.436046481,vnncomp2026
100,onnx/TinyImageNet_resnet_medium.onnx,vnnlib/TinyImageNet_resnet_medium_prop_idx_4221_sidx_6573_eps_0.0039.vnnlib,CERTIFIED,6.330420017242432,32.2077622,vnncomp2026
101,onnx/TinyImageNet_resnet_medium.onnx,vnnlib/TinyImageNet_resnet_medium_prop_idx_7749_sidx_8253_eps_0.0039.vnnlib,CERTIFIED,1.6835906505584717,8.623236261,vnncomp2026
102,onnx/TinyImageNet_resnet_medium.onnx,vnnlib/TinyImageNet_resnet_medium_prop_idx_9634_sidx_2838_eps_0.0039.vnnlib,CERTIFIED,7.4794511795043945,25.496342712,vnncomp2026
103,onnx/TinyImageNet_resnet_medium.onnx,vnnlib/TinyImageNet_resnet_medium_prop_idx_8623_sidx_6019_eps_0.0039.vnnlib,CERTIFIED,7.649094104766846,31.998361057,vnncomp2026
107,onnx/TinyImageNet_resnet_medium.onnx,vnnlib/TinyImageNet_resnet_medium_prop_idx_670_sidx_7171_eps_0.0039.vnnlib,CERTIFIED,6.330275535583496,27.730367226,vnncomp2026
109,onnx/TinyImageNet_resnet_medium.onnx,vnnlib/TinyImageNet_resnet_medium_prop_idx_2712_sidx_2558_eps_0.0039.vnnlib,CERTIFIED,5.298090934753418,34.380532864,vnncomp2026
113,onnx/TinyImageNet_resnet_medium.onnx,vnnlib/TinyImageNet_resnet_medium_prop_idx_5442_sidx_6087_eps_0.0039.vnnlib,CERTIFIED,6.041571140289307,24.606134849,vnncomp2026
114,onnx/TinyImageNet_resnet_medium.onnx,vnnlib/TinyImageNet_resnet_medium_prop_idx_2707_sidx_7220_eps_0.0039.vnnlib,CERTIFIED,1.6094796657562256,9.115669491,vnncomp2026
115,onnx/TinyImageNet_resnet_medium.onnx,vnnlib/TinyImageNet_resnet_medium_prop_idx_6318_sidx_1633_eps_0.0039.vnnlib,CERTIFIED,7.513974189758301,34.410658487,vnncomp2026
116,onnx/TinyImageNet_resnet_medium.onnx,vnnlib/TinyImageNet_resnet_medium_prop_idx_6089_sidx_9661_eps_0.0039.vnnlib,CERTIFIED,5.475452661514282,37.051572152,vnncomp2026
119,onnx/TinyImageNet_resnet_medium.onnx,vnnlib/TinyImageNet_resnet_medium_prop_idx_4312_sidx_1349_eps_0.0039.vnnlib,CERTIFIED,11.255954504013062,34.889080555,vnncomp2026
120,onnx/TinyImageNet_resnet_medium.onnx,vnnlib/TinyImageNet_resnet_medium_prop_idx_7926_sidx_589_eps_0.0039.vnnlib,CERTIFIED,8.465677738189697,34.846476005,vnncomp2026
121,onnx/TinyImageNet_resnet_medium.onnx,vnnlib/TinyImageNet_resnet_medium_prop_idx_5652_sidx_8781_eps_0.0039.vnnlib,CERTIFIED,6.971683979034424,33.181383364,vnncomp2026
122,onnx/TinyImageNet_resnet_medium.onnx,vnnlib/TinyImageNet_resnet_medium_prop_idx_8278_sidx_7455_eps_0.0039.vnnlib,CERTIFIED,6.960028648376465,36.85673861,vnncomp2026
124,onnx/TinyImageNet_resnet_medium.onnx,vnnlib/TinyImageNet_resnet_medium_prop_idx_1777_sidx_439_eps_0.0039.vnnlib,CERTIFIED,6.521860599517822,33.033011682,vnncomp2026
125,onnx/TinyImageNet_resnet_medium.onnx,vnnlib/TinyImageNet_resnet_medium_prop_idx_3218_sidx_5420_eps_0.0039.vnnlib,CERTIFIED,7.837289571762085,37.117077058,vnncomp2026
127,onnx/TinyImageNet_resnet_medium.onnx,vnnlib/TinyImageNet_resnet_medium_prop_idx_8101_sidx_2821_eps_0.0039.vnnlib,CERTIFIED,2.363640546798706,8.822491361,vnncomp2026
128,onnx/TinyImageNet_resnet_medium.onnx,vnnlib/TinyImageNet_resnet_medium_prop_idx_3951_sidx_1882_eps_0.0039.vnnlib,CERTIFIED,18.934985160827637,40.941773661,vnncomp2026
129,onnx/TinyImageNet_resnet_medium.onnx,vnnlib/TinyImageNet_resnet_medium_prop_idx_3977_sidx_4816_eps_0.0039.vnnlib,CERTIFIED,4.512470722198486,32.285918963,vnncomp2026
132,onnx/TinyImageNet_resnet_medium.onnx,vnnlib/TinyImageNet_resnet_medium_prop_idx_2212_sidx_6450_eps_0.0039.vnnlib,CERTIFIED,4.6959192752838135,34.62357819,vnncomp2026
133,onnx/TinyImageNet_resnet_medium.onnx,vnnlib/TinyImageNet_resnet_medium_prop_idx_247_sidx_1124_eps_0.0039.vnnlib,CERTIFIED,9.78873324394226,24.960431804,vnncomp2026
134,onnx/TinyImageNet_resnet_medium.onnx,vnnlib/TinyImageNet_resnet_medium_prop_idx_9017_sidx_7697_eps_0.0039.vnnlib,CERTIFIED,4.68487548828125,27.542668857,vnncomp2026
135,onnx/TinyImageNet_resnet_medium.onnx,vnnlib/TinyImageNet_resnet_medium_prop_idx_105_sidx_7898_eps_0.0039.vnnlib,CERTIFIED,9.499463558197021,47.45287806,vnncomp2026
137,onnx/TinyImageNet_resnet_medium.onnx,vnnlib/TinyImageNet_resnet_medium_prop_idx_1676_sidx_8563_eps_0.0039.vnnlib,CERTIFIED,3.198211431503296,8.96064955,vnncomp2026
138,onnx/TinyImageNet_resnet_medium.onnx,vnnlib/TinyImageNet_resnet_medium_prop_idx_4201_sidx_3049_eps_0.0039.vnnlib,CERTIFIED,1.941972017288208,9.293519625,vnncomp2026
139,onnx/TinyImageNet_resnet_medium.onnx,vnnlib/TinyImageNet_resnet_medium_prop_idx_1731_sidx_6691_eps_0.0039.vnnlib,CERTIFIED,5.0216100215911865,34.60649616,vnncomp2026
140,onnx/TinyImageNet_resnet_medium.onnx,vnnlib/TinyImageNet_resnet_medium_prop_idx_3015_sidx_2719_eps_0.0039.vnnlib,CERTIFIED,1.6705548763275146,6.555778023,vnncomp2026
141,onnx/TinyImageNet_resnet_medium.onnx,vnnlib/TinyImageNet_resnet_medium_prop_idx_7632_sidx_2106_eps_0.0039.vnnlib,CERTIFIED,5.279573917388916,35.744396598,vnncomp2026
142,onnx/TinyImageNet_resnet_medium.onnx,vnnlib/TinyImageNet_resnet_medium_prop_idx_909_sidx_8442_eps_0.0039.vnnlib,CERTIFIED,22.379448413848877,50.695786133,vnncomp2026
143,onnx/TinyImageNet_resnet_medium.onnx,vnnlib/TinyImageNet_resnet_medium_prop_idx_3113_sidx_9370_eps_0.0039.vnnlib,CERTIFIED,5.002360582351685,34.533749259,vnncomp2026
144,onnx/TinyImageNet_resnet_medium.onnx,vnnlib/TinyImageNet_resnet_medium_prop_idx_953_sidx_6699_eps_0.0039.vnnlib,CERTIFIED,22.911970615386963,34.20255129,vnncomp2026
145,onnx/TinyImageNet_resnet_medium.onnx,vnnlib/TinyImageNet_resnet_medium_prop_idx_3882_sidx_6592_eps_0.0039.vnnlib,CERTIFIED,3.489198923110962,8.775204213,vnncomp2026
147,onnx/TinyImageNet_resnet_medium.onnx,vnnlib/TinyImageNet_resnet_medium_prop_idx_4441_sidx_6620_eps_0.0039.vnnlib,CERTIFIED,7.468400955200195,34.519506418,vnncomp2026
148,onnx/TinyImageNet_resnet_medium.onnx,vnnlib/TinyImageNet_resnet_medium_prop_idx_930_sidx_5056_eps_0.0039.vnnlib,CERTIFIED,4.82133936882019,35.914293136,vnncomp2026
149,onnx/TinyImageNet_resnet_medium.onnx,vnnlib/TinyImageNet_resnet_medium_prop_idx_6923_sidx_8593_eps_0.0039.vnnlib,CERTIFIED,12.181644439697266,42.394400688,vnncomp2026
150,onnx/TinyImageNet_resnet_medium.onnx,vnnlib/TinyImageNet_resnet_medium_prop_idx_8684_sidx_9001_eps_0.0039.vnnlib,CERTIFIED,15.645578145980835,25.044706863,vnncomp2026
151,onnx/TinyImageNet_resnet_medium.onnx,vnnlib/TinyImageNet_resnet_medium_prop_idx_9649_sidx_6653_eps_0.0039.vnnlib,CERTIFIED,7.679901123046875,36.327357381,vnncomp2026
153,onnx/TinyImageNet_resnet_medium.onnx,vnnlib/TinyImageNet_resnet_medium_prop_idx_1653_sidx_3090_eps_0.0039.vnnlib,CERTIFIED,3.8760831356048584,33.281781819,vnncomp2026
154,onnx/TinyImageNet_resnet_medium.onnx,vnnlib/TinyImageNet_resnet_medium_prop_idx_6569_sidx_5110_eps_0.0039.vnnlib,CERTIFIED,14.840084314346313,29.682855917,vnncomp2026
155,onnx/TinyImageNet_resnet_medium.onnx,vnnlib/TinyImageNet_resnet_medium_prop_idx_8041_sidx_395_eps_0.0039.vnnlib,CERTIFIED,8.570984363555908,34.378991248,vnncomp2026
159,onnx/TinyImageNet_resnet_medium.onnx,vnnlib/TinyImageNet_resnet_medium_prop_idx_14_sidx_6689_eps_0.0039.vnnlib,CERTIFIED,2.4572606086730957,8.953998284,vnncomp2026
160,onnx/TinyImageNet_resnet_medium.onnx,vnnlib/TinyImageNet_resnet_medium_prop_idx_2159_sidx_9504_eps_0.0039.vnnlib,CERTIFIED,8.599428653717041,34.630852851,vnncomp2026
162,onnx/TinyImageNet_resnet_medium.onnx,vnnlib/TinyImageNet_resnet_medium_prop_idx_9542_sidx_2775_eps_0.0039.vnnlib,CERTIFIED,6.099199295043945,34.686677021,vnncomp2026
164,onnx/TinyImageNet_resnet_medium.onnx,vnnlib/TinyImageNet_resnet_medium_prop_idx_7026_sidx_3752_eps_0.0039.vnnlib,CERTIFIED,5.205815553665161,35.088171808,vnncomp2026
165,onnx/TinyImageNet_resnet_medium.onnx,vnnlib/TinyImageNet_resnet_medium_prop_idx_110_sidx_3348_eps_0.0039.vnnlib,CERTIFIED,4.925641775131226,37.670056923,vnncomp2026
167,onnx/TinyImageNet_resnet_medium.onnx,vnnlib/TinyImageNet_resnet_medium_prop_idx_2476_sidx_1784_eps_0.0039.vnnlib,CERTIFIED,20.64563012123108,34.39347663,vnncomp2026
168,onnx/TinyImageNet_resnet_medium.onnx,vnnlib/TinyImageNet_resnet_medium_prop_idx_1478_sidx_5584_eps_0.0039.vnnlib,CERTIFIED,15.318748235702515,36.252778477,vnncomp2026
169,onnx/TinyImageNet_resnet_medium.onnx,vnnlib/TinyImageNet_resnet_medium_prop_idx_6348_sidx_5048_eps_0.0039.vnnlib,CERTIFIED,2.018035650253296,8.73012287,vnncomp2026
170,onnx/TinyImageNet_resnet_medium.onnx,vnnlib/TinyImageNet_resnet_medium_prop_idx_4545_sidx_6688_eps_0.0039.vnnlib,CERTIFIED,6.166994571685791,27.606413778,vnncomp2026
171,onnx/TinyImageNet_resnet_medium.onnx,vnnlib/TinyImageNet_resnet_medium_prop_idx_8436_sidx_1112_eps_0.0039.vnnlib,CERTIFIED,5.157224655151367,36.001287964,vnncomp2026
173,onnx/TinyImageNet_resnet_medium.onnx,vnnlib/TinyImageNet_resnet_medium_prop_idx_2948_sidx_4095_eps_0.0039.vnnlib,CERTIFIED,5.978018760681152,34.683185408,vnncomp2026
174,onnx/TinyImageNet_resnet_medium.onnx,vnnlib/TinyImageNet_resnet_medium_prop_idx_3278_sidx_4263_eps_0.0039.vnnlib,CERTIFIED,6.423525333404541,26.717403363,vnncomp2026
175,onnx/TinyImageNet_resnet_medium.onnx,vnnlib/TinyImageNet_resnet_medium_prop_idx_568_sidx_8816_eps_0.0039.vnnlib,CERTIFIED,9.231010437011719,39.827608564,vnncomp2026
177,onnx/TinyImageNet_resnet_medium.onnx,vnnlib/TinyImageNet_resnet_medium_prop_idx_3178_sidx_7992_eps_0.0039.vnnlib,CERTIFIED,7.060161828994751,28.921429103,vnncomp2026
178,onnx/TinyImageNet_resnet_medium.onnx,vnnlib/TinyImageNet_resnet_medium_prop_idx_2733_sidx_3833_eps_0.0039.vnnlib,CERTIFIED,1.7738471031188965,6.539471665,vnncomp2026
180,onnx/TinyImageNet_resnet_medium.onnx,vnnlib/TinyImageNet_resnet_medium_prop_idx_9796_sidx_1847_eps_0.0039.vnnlib,CERTIFIED,9.747817039489746,37.373944868,vnncomp2026
182,onnx/TinyImageNet_resnet_medium.onnx,vnnlib/TinyImageNet_resnet_medium_prop_idx_8173_sidx_1641_eps_0.0039.vnnlib,CERTIFIED,26.766560554504395,35.535622584,vnncomp2026
185,onnx/TinyImageNet_resnet_medium.onnx,vnnlib/TinyImageNet_resnet_medium_prop_idx_3511_sidx_721_eps_0.0039.vnnlib,CERTIFIED,3.7749240398406982,34.79350167,vnncomp2026
186,onnx/TinyImageNet_resnet_medium.onnx,vnnlib/TinyImageNet_resnet_medium_prop_idx_1733_sidx_5415_eps_0.0039.vnnlib,CERTIFIED,5.652787685394287,26.265118376,vnncomp2026
188,onnx/TinyImageNet_resnet_medium.onnx,vnnlib/TinyImageNet_resnet_medium_prop_idx_9512_sidx_8218_eps_0.0039.vnnlib,CERTIFIED,6.3581578731536865,37.213696795,vnncomp2026
189,onnx/TinyImageNet_resnet_medium.onnx,vnnlib/TinyImageNet_resnet_medium_prop_idx_8013_sidx_2238_eps_0.0039.vnnlib,CERTIFIED,14.679727554321289,25.775376578,vnncomp2026
190,onnx/TinyImageNet_resnet_medium.onnx,vnnlib/TinyImageNet_resnet_medium_prop_idx_9551_sidx_8658_eps_0.0039.vnnlib,CERTIFIED,3.3968284130096436,9.277980934,vnncomp2026
192,onnx/TinyImageNet_resnet_medium.onnx,vnnlib/TinyImageNet_resnet_medium_prop_idx_9443_sidx_9318_eps_0.0039.vnnlib,CERTIFIED,7.77582859992981,35.522495954,vnncomp2026
193,onnx/TinyImageNet_resnet_medium.onnx,vnnlib/TinyImageNet_resnet_medium_prop_idx_1368_sidx_2319_eps_0.0039.vnnlib,CERTIFIED,11.835645914077759,45.551627744,vnncomp2026
196,onnx/TinyImageNet_resnet_medium.onnx,vnnlib/TinyImageNet_resnet_medium_prop_idx_1435_sidx_655_eps_0.0039.vnnlib,CERTIFIED,4.018199920654297,35.232810543,vnncomp2026
197,onnx/TinyImageNet_resnet_medium.onnx,vnnlib/TinyImageNet_resnet_medium_prop_idx_5050_sidx_9269_eps_0.0039.vnnlib,CERTIFIED,9.620209693908691,31.490528868,vnncomp2026
198,onnx/TinyImageNet_resnet_medium.onnx,vnnlib/TinyImageNet_resnet_medium_prop_idx_538_sidx_2467_eps_0.0039.vnnlib,CERTIFIED,2.8052945137023926,8.682946333,vnncomp2026
199,onnx/TinyImageNet_resnet_medium.onnx,vnnlib/TinyImageNet_resnet_medium_prop_idx_2148_sidx_65_eps_0.0039.vnnlib,CERTIFIED,19.750731945037842,42.06978578,vnncomp2026
