K,climb_acquisition_replay_calls,climb_acquisition_replay_row_passes,climb_active_eta_entries,climb_coarsen_replay_fallbacks,climb_coarsen_time_s,climb_complement_attempts,climb_complement_successes,climb_core_height,climb_core_literals_original,climb_core_literals_retained,climb_cores_covering_resolved,climb_cores_evicted,climb_cores_inserted,climb_cores_resolved,climb_cores_subsumed,climb_enabled,climb_forward_certified_lanes,climb_generated_children,climb_incremental_pool_rounds_skipped,climb_insert_time_s,climb_kraft_certified,climb_kraft_hist,climb_kraft_sum,climb_kraft_sum_lanes,climb_main_bound_calls,climb_main_bound_row_passes,climb_merge_calls,climb_merge_literals_after,climb_merge_literals_before,climb_merge_rows_after,climb_merge_rows_before,climb_merge_skipped_pairs,climb_merge_time_s,climb_merged_pairs,climb_peak_frontier_rows,climb_prebound_discharged,climb_prebound_unit_writes,climb_presplit_discharged,climb_presplit_unit_writes,climb_propagate_time_s,climb_recheck_calls,climb_recheck_row_passes,climb_recheck_time_s,climb_replay_time_s,climb_retired_unknown_lanes,climb_unit_writes,climb_unlearned_shrunk_box_lanes,event,frontier,native_wave_index,nodes,t,terminal_input_split_lanes,terminal_lp_calls,terminal_lp_certified_lanes,terminal_lp_failed_lanes,terminal_lp_falsified_lanes,terminal_lp_skipped_lanes,terminal_lp_time_ms,wave,status
0,0,0,0,0,0.0,0,0,0,0,0,0,0,0,0,0,True,0,0,0,0.0,0,{},0,0.0,0,0,0,0,0,0,0,0,0.0,0,0,0,0,0,0,0.0,0,0,0.0,0.0,0,0,0,initial,1,0,0,5.341158356517553,0,0,0,0,0,0,0,0,
1,0,0,0,0,0.0,0,0,0,0,0,0,0,0,0,0,True,0,2,0,0.0,0,{},0,0.0,1,1,0,0,0,0,0,0,0.0,0,2,0,0,0,0,0.0,0,0,0.0,0.0,0,0,0,wave,2,0,1,9.074932597577572,0,0,0,0,0,0,0,1,
2,0,0,2,0,0.0,0,0,0,0,0,0,0,0,0,0,True,0,6,0,0.0,0,{},0,0.0,2,3,0,0,0,0,0,0,0.0,0,4,0,0,0,0,0.0,0,0,0.0,0.0,0,0,0,wave,4,0,3,10.831981591880322,0,0,0,0,0,0,0,2,
4,0,0,10,0,0.0,0,0,0,0,0,0,0,0,0,0,True,0,14,0,0.0,0,{},0,0.0,3,7,0,0,0,0,0,0,0.0,0,8,0,0,0,0,0.0,0,0,0.0,0.0,0,0,0,wave,8,0,7,13.047680811956525,0,0,0,0,0,0,0,3,
8,1,4,34,0,0.00045273639261722565,0,0,3,12,12,1,0,4,2,0,True,0,18,0,5.467422306537628e-05,4,"{""3"": 4}",0.625,0.5,4,15,1,8,12,3,4,1,0.027210306376218796,1,8,0,0,0,0,0.01913168840110302,0,0,0.0,0.031501030549407005,0,0,0,wave,5,0,15,14.31736360117793,0,0,0,0,0,0,0,4,
5,2,6,52,0,0.004313891753554344,0,0,4,20,20,3,0,6,5,0,True,0,24,0,0.00010581500828266144,6,"{""3"": 4, ""4"": 2}",0.75,0.625,5,20,2,18,22,6,7,2,0.0487520731985569,1,8,0,0,0,0,0.05935453996062279,0,0,0.0,0.06729061156511307,0,0,0,wave,6,0,20,15.823546456173062,0,0,0,0,0,0,0,5,
6,3,8,78,0,0.030454764142632484,0,0,4,30,28,5,0,8,7,0,True,0,32,0,0.000149579718708992,8,"{""3"": 4, ""4"": 2, ""5"": 2}",1.0,0.6875,6,26,3,34,38,10,11,3,0.05025980621576309,1,8,0,0,0,0,0.08018948696553707,0,0,0.0,0.11603826470673084,0,0,0,wave,8,0,26,17.127327248454094,0,0,0,0,0,0,0,6,
8,4,12,118,0,0.045996660366654396,0,0,5,50,44,12,0,12,15,0,True,0,36,0,0.00024052150547504425,12,"{""3"": 4, ""4"": 4, ""5"": 2, ""6"": 2}",1.875,0.84375,7,34,4,49,58,13,15,3,0.05257769115269184,2,8,0,0,0,0,0.08433947339653969,0,0,0.0,0.12738116644322872,0,0,0,wave,5,0,34,17.866185899823904,0,0,0,0,0,0,0,7,
5,5,13,149,0,0.058748625218868256,0,0,6,57,50,15,0,13,18,0,True,0,44,0,0.000286344438791275,13,"{""3"": 4, ""4"": 4, ""5"": 2, ""6"": 2, ""7"": 1}",2.0,0.8515625,8,39,5,73,82,17,19,4,0.053991835564374924,2,8,0,0,0,0,0.08917026780545712,0,0,0.0,0.13776648603379726,0,0,0,wave,8,0,39,18.45119947567582,0,0,0,0,0,0,0,8,
8,6,17,205,0,0.09084397368133068,0,0,7,89,73,26,0,17,29,0,True,0,52,0,0.0003718473017215729,17,"{""3"": 4, ""4"": 4, ""5"": 2, ""6"": 4, ""7"": 2, ""8"": 1}",2.4375,0.89453125,9,47,6,97,106,21,23,5,0.05607462860643864,2,8,0,0,0,0,0.0998570118099451,0,0,0.0,0.1486779022961855,0,0,0,wave,8,0,47,18.978475963696837,0,0,0,0,0,0,0,9,
8,7,22,261,0,0.10667761601507664,0,0,7,126,100,47,0,22,51,0,True,0,54,0,0.0005214512348175049,22,"{""3"": 4, ""4"": 4, ""5"": 4, ""6"": 4, ""7"": 4, ""8"": 2}",3.0,0.9765625,10,55,7,111,126,23,26,5,0.05872599221765995,3,8,0,0,0,1,0.10430669598281384,0,0,0.0,0.15973744727671146,0,1,0,wave,3,0,55,19.48212769627571,0,0,0,0,0,0,0,10,
3,8,24,287,0,0.12034205161035061,0,0,8,148,115,53,0,24,58,1,True,0,56,0,0.0005814861506223679,24,"{""3"": 4, ""4"": 4, ""5"": 4, ""6"": 4, ""7"": 4, ""8"": 3, ""9"": 1}",2.0,0.982421875,11,58,7,111,126,23,26,5,0.05872599221765995,3,8,0,0,0,1,0.1086330134421587,0,0,0.0,0.1707023475319147,0,1,0,wave,2,0,58,19.881667347624898,0,0,0,0,0,0,0,11,
2,8,24,297,0,0.12034205161035061,0,0,8,148,115,53,0,24,58,1,True,0,60,1,0.0005814861506223679,24,"{""3"": 4, ""4"": 4, ""5"": 4, ""6"": 4, ""7"": 4, ""8"": 3, ""9"": 1}",2.0,0.982421875,12,60,7,111,126,23,26,5,0.05872599221765995,3,8,0,0,0,1,0.11066434159874916,0,0,0.0,0.1707023475319147,0,1,0,wave,4,0,60,20.39542780444026,0,0,0,0,0,0,0,12,
4,9,26,321,0,0.13421019911766052,0,0,8,160,125,59,0,26,65,1,True,0,64,1,0.0006364285945892334,26,"{""3"": 4, ""4"": 4, ""5"": 4, ""6"": 6, ""7"": 4, ""8"": 3, ""9"": 1}",2.5,1.013671875,13,64,8,123,138,25,28,6,0.06065082177519798,3,8,0,0,0,1,0.11489892564713955,0,0,0.0,0.18303095549345016,0,1,0,wave,4,0,64,20.914399100467563,0,0,0,0,0,0,0,13,
4,10,28,349,0,0.14994158409535885,0,0,8,174,137,67,0,28,74,1,True,0,64,1,0.0007143374532461166,28,"{""3"": 4, ""4"": 4, ""5"": 4, ""6"": 6, ""7"": 6, ""8"": 3, ""9"": 1}",3.0,1.029296875,14,68,9,129,152,26,30,6,0.0637898650020361,4,8,0,0,0,1,0.11941581033170223,0,0,0.0,0.19584641605615616,0,1,0,wave,1,0,68,21.15763906016946,0,0,0,0,0,0,0,14,
1,10,28,355,0,0.14994158409535885,0,0,8,174,137,67,0,28,74,1,True,0,66,2,0.0007143374532461166,28,"{""3"": 4, ""4"": 4, ""5"": 4, ""6"": 6, ""7"": 6, ""8"": 3, ""9"": 1}",3.0,1.029296875,15,69,9,129,152,26,30,6,0.0637898650020361,4,8,0,0,0,1,0.12163556180894375,0,0,0.0,0.19584641605615616,0,1,0,wave,2,0,69,21.64445723220706,0,0,0,0,0,0,0,15,
2,10,28,369,0,0.14994158409535885,0,0,8,174,137,67,0,28,74,1,True,0,70,3,0.0007143374532461166,28,"{""3"": 4, ""4"": 4, ""5"": 4, ""6"": 6, ""7"": 6, ""8"": 3, ""9"": 1}",3.0,1.029296875,16,71,9,129,152,26,30,6,0.0637898650020361,4,8,0,0,0,1,0.12379743345081806,0,0,0.0,0.19584641605615616,0,1,0,wave,4,0,71,22.101870119571686,0,0,0,0,0,0,0,16,
4,11,30,401,0,0.1641424372792244,0,0,8,190,150,72,0,29,79,2,True,0,70,3,0.0007699448615312576,30,"{""3"": 4, ""4"": 4, ""5"": 4, ""6"": 6, ""7"": 7, ""8"": 4, ""9"": 1}",3.5,1.041015625,17,75,10,136,168,27,32,6,0.07477954216301441,5,8,0,0,0,1,0.12815635092556477,0,0,0.0,0.20911334455013275,0,1,0,wave,1,0,75,22.35651035606861,0,0,0,0,0,0,0,17,
1,11,30,408,0,0.1641424372792244,0,0,8,190,150,72,0,29,79,2,True,0,72,4,0.0007699448615312576,30,"{""3"": 4, ""4"": 4, ""5"": 4, ""6"": 6, ""7"": 7, ""8"": 4, ""9"": 1}",3.5,1.041015625,18,76,10,136,168,27,32,6,0.07477954216301441,5,8,0,0,0,1,0.13116711378097534,0,0,0.0,0.20911334455013275,0,1,0,wave,2,0,76,22.824989929795265,0,0,0,0,0,0,0,18,
2,11,30,424,0,0.1641424372792244,0,0,8,190,150,72,0,29,79,2,True,0,76,5,0.0007699448615312576,30,"{""3"": 4, ""4"": 4, ""5"": 4, ""6"": 6, ""7"": 7, ""8"": 4, ""9"": 1}",3.5,1.041015625,19,78,10,136,168,27,32,6,0.07477954216301441,5,8,0,0,0,1,0.13381151296198368,0,0,0.0,0.20911334455013275,0,1,0,wave,4,0,78,23.240687996149063,0,0,0,0,0,0,0,19,
4,12,32,460,0,0.17889315262436867,0,0,8,208,166,84,0,31,92,2,True,0,76,5,0.0008586011826992035,32,"{""3"": 4, ""4"": 4, ""5"": 4, ""6"": 6, ""7"": 7, ""8"": 4, ""9"": 3}",4.0,1.044921875,20,82,11,144,186,28,34,6,0.07786647975444794,6,8,0,0,0,1,0.13839484564960003,0,0,0.0,0.22296997345983982,0,1,0,wave,1,0,82,23.497619280591607,0,0,0,0,0,0,0,20,
1,12,32,468,0,0.17889315262436867,0,0,8,208,166,84,0,31,92,2,True,0,78,6,0.0008586011826992035,32,"{""3"": 4, ""4"": 4, ""5"": 4, ""6"": 6, ""7"": 7, ""8"": 4, ""9"": 3}",4.0,1.044921875,21,83,11,144,186,28,34,6,0.07786647975444794,6,8,0,0,0,1,0.14073300920426846,0,0,0.0,0.22296997345983982,0,1,0,wave,2,0,83,23.970371045172215,0,0,0,0,0,0,0,21,
2,12,32,486,0,0.17889315262436867,0,0,8,208,166,84,0,31,92,2,True,0,82,7,0.0008586011826992035,32,"{""3"": 4, ""4"": 4, ""5"": 4, ""6"": 6, ""7"": 7, ""8"": 4, ""9"": 3}",4.0,1.044921875,22,85,11,144,186,28,34,6,0.07786647975444794,6,8,0,0,0,1,0.14274002239108086,0,0,0.0,0.22296997345983982,0,1,0,wave,4,0,85,24.374534936621785,0,0,0,0,0,0,0,22,
4,13,36,526,0,0.19290930032730103,0,0,9,248,201,105,0,34,115,3,True,0,82,7,0.0009764488786458969,36,"{""10"": 3, ""3"": 4, ""4"": 4, ""5"": 4, ""6"": 6, ""7"": 7, ""8"": 4, ""9"": 4}",1.0,1.0498046875,23,89,11,144,186,28,34,6,0.07786647975444794,6,8,0,0,0,1,0.14529287815093994,0,0,0.0,0.23439901880919933,0,1,0,final,0,0,89,24.44983345642686,0,0,0,0,0,0,0,23,VerifyStatus.CERTIFIED
